"...1","call","race","education","yearsexp","computerskills"
1292,0,"w",3,4,1
91,0,"b",4,4,0
3464,0,"b",4,10,1
4075,0,"w",4,14,1
257,0,"b",4,5,1
4583,0,"w",4,18,1
3732,0,"w",4,7,1
3949,0,"w",3,7,1
2182,0,"w",4,8,1
3855,0,"w",4,6,1
816,0,"b",4,4,1
3331,0,"w",4,4,1
2109,1,"w",4,20,0
1791,0,"b",4,4,1
557,0,"b",4,2,1
3995,0,"w",4,6,1
1437,0,"b",3,4,1
1598,0,"b",4,19,1
2332,0,"w",3,9,1
2247,0,"b",4,6,1
268,1,"w",4,4,0
2749,1,"w",3,7,1
714,0,"b",4,7,0
330,0,"b",2,5,0
3122,0,"b",4,10,1
1163,0,"b",3,13,1
1308,0,"b",3,4,1
3163,0,"w",4,7,0
2117,0,"b",4,6,1
1779,0,"b",0,4,1
3789,0,"w",3,3,1
1886,0,"w",4,4,1
2846,1,"w",2,13,0
1075,0,"b",4,11,1
3932,0,"b",4,3,1
1683,0,"w",3,5,0
2810,0,"w",4,12,1
4725,0,"b",4,4,1
1271,0,"b",4,2,1
2201,0,"w",3,2,1
1263,1,"b",4,2,1
3486,0,"b",4,8,1
1382,0,"w",4,5,1
1503,0,"w",4,14,1
1104,0,"w",4,7,1
1272,0,"w",4,7,0
742,0,"b",4,26,0
2347,0,"w",4,8,0
481,0,"w",4,4,1
1380,0,"w",4,8,1
3296,0,"w",4,5,0
4818,0,"w",4,2,1
1818,0,"w",4,4,0
3567,0,"w",4,2,1
3157,1,"w",4,4,1
1536,0,"w",4,8,1
3890,0,"b",4,6,1
86,1,"w",2,7,1
1484,0,"b",4,8,1
551,0,"w",4,2,1
2137,0,"b",4,7,1
3750,0,"w",4,6,0
380,0,"b",4,7,0
4371,0,"b",4,8,1
3488,0,"b",4,6,1
2197,0,"w",3,1,1
2845,1,"w",4,6,0
1371,1,"w",4,12,1
1412,0,"w",3,4,1
3707,0,"w",0,2,1
4523,0,"w",3,6,0
3719,0,"w",4,6,1
4762,0,"w",3,3,1
760,0,"b",4,11,1
599,0,"b",4,9,1
2212,0,"w",3,5,0
3158,0,"b",4,3,1
3757,1,"b",3,21,1
2519,0,"w",4,2,1
3082,0,"b",3,13,1
2482,0,"b",4,13,1
3698,0,"w",4,12,1
4514,0,"w",2,4,0
4152,0,"b",4,11,1
2439,0,"b",4,8,1
443,1,"w",4,6,1
427,1,"b",4,11,1
1573,0,"w",3,4,0
1413,0,"b",3,4,1
1209,0,"w",4,7,1
1943,0,"w",4,13,1
4441,0,"b",4,8,1
2005,0,"w",3,13,1
2503,0,"w",4,6,1
4480,0,"b",3,2,0
3981,0,"w",0,5,1
3878,0,"w",4,8,1
3371,1,"w",2,4,0
3041,0,"b",4,6,1
2167,0,"b",4,2,1
1565,0,"b",3,7,1
2740,0,"b",3,4,1
2631,0,"w",4,10,1
716,0,"b",4,2,1
4526,0,"b",4,6,1
4116,0,"w",3,1,1
4740,1,"w",4,6,1
2447,0,"w",4,2,1
2433,0,"w",4,8,1
3844,0,"b",4,6,1
3840,0,"w",4,8,1
2621,1,"w",4,9,1
1669,0,"b",4,2,1
572,0,"b",4,6,1
117,0,"w",3,5,1
3339,0,"w",4,3,1
542,0,"b",3,6,1
3384,1,"b",3,5,1
3057,0,"w",4,6,1
902,0,"b",4,7,1
1063,0,"b",4,8,1
1602,0,"w",4,5,1
4357,0,"b",4,2,1
3252,0,"b",4,8,1
76,0,"b",4,4,1
3894,0,"b",4,7,0
4097,0,"b",4,26,0
4085,1,"b",3,8,0
4016,0,"b",4,6,1
2905,0,"w",3,6,1
2196,0,"b",4,5,1
2178,0,"w",4,8,0
3989,0,"w",1,4,1
457,0,"w",3,21,1
1680,0,"b",4,8,1
4799,0,"w",4,2,1
734,0,"w",4,11,1
1395,0,"b",4,6,1
2985,0,"b",4,5,1
518,0,"b",3,5,1
1618,0,"w",4,21,1
874,0,"b",4,9,1
3036,0,"b",3,13,1
2248,0,"w",3,6,1
1774,0,"w",4,6,1
3247,0,"b",4,7,0
4191,1,"w",4,6,0
2499,0,"w",4,5,1
679,0,"w",4,4,1
2580,0,"b",4,8,1
862,0,"w",3,13,1
3031,0,"w",3,4,1
1716,1,"w",3,13,1
587,0,"w",4,10,1
4059,0,"b",4,4,1
2192,0,"b",4,7,0
2728,0,"w",4,8,0
534,0,"w",2,7,1
3648,0,"w",4,5,1
1495,1,"w",4,10,1
2146,0,"w",4,6,1
1686,0,"b",4,7,0
1983,0,"b",3,8,1
3452,0,"b",4,26,0
4671,0,"b",4,8,1
1899,0,"b",4,2,1
736,1,"b",3,13,1
1070,0,"b",4,6,1
3681,0,"w",4,11,1
1527,0,"w",4,14,1
2134,0,"w",4,4,1
741,0,"w",4,18,0
3690,0,"b",4,5,0
358,0,"w",4,8,1
2374,0,"w",4,5,1
589,0,"w",4,14,1
1944,0,"b",3,22,1
3068,0,"w",3,1,1
3370,0,"b",4,5,1
4081,0,"w",3,8,0
3148,0,"b",4,18,1
1024,0,"b",4,6,1
3737,0,"w",2,6,0
3006,0,"b",4,18,1
3675,0,"w",4,4,1
3168,0,"b",4,6,1
3054,0,"w",4,8,1
4030,0,"b",4,4,0
2797,0,"w",3,6,1
3392,0,"b",2,5,0
2351,0,"w",4,8,1
3505,0,"w",4,8,0
4672,0,"w",3,8,1
3797,0,"b",4,11,1
4077,0,"w",2,6,1
3145,0,"b",4,8,1
1360,0,"b",4,11,1
4861,0,"w",4,8,1
1301,1,"w",2,16,1
1397,0,"b",4,20,0
244,0,"w",4,7,0
4382,0,"b",4,6,1
3194,0,"w",4,8,1
4218,0,"b",1,4,1
4387,0,"b",4,6,1
1354,0,"b",3,4,1
2390,0,"b",4,8,1
4772,0,"b",2,3,1
1543,0,"b",4,7,0
3038,0,"w",4,8,1
1378,0,"w",4,2,1
4115,0,"b",2,16,1
2456,0,"b",4,8,1
3265,0,"b",3,12,1
1406,0,"b",4,18,1
1518,0,"b",4,6,1
4398,0,"w",4,7,0
4636,0,"b",4,7,1
3871,0,"b",4,8,1
4083,0,"w",4,7,1
25,0,"w",4,3,1
879,0,"b",3,2,0
375,0,"b",4,2,1
2843,0,"b",4,5,0
2949,0,"w",4,14,1
2411,0,"b",4,9,1
2420,0,"b",4,4,1
2328,0,"b",1,10,0
89,0,"w",4,2,1
1545,0,"w",3,13,1
2300,0,"b",4,2,1
1455,0,"w",3,4,1
1970,1,"b",4,6,1
4424,0,"b",3,5,1
3663,0,"w",4,15,1
2279,0,"w",4,8,1
4196,0,"w",4,5,0
2617,0,"w",3,4,1
1224,0,"w",4,6,1
910,1,"w",4,11,1
3306,0,"b",4,6,0
4253,0,"w",4,5,0
4297,1,"w",4,10,1
2636,0,"w",4,6,1
3941,0,"b",4,6,1
4430,0,"b",1,4,1
4103,0,"b",4,8,1
3062,0,"b",4,14,1
2432,0,"w",4,2,1
1059,0,"w",4,13,1
1639,0,"b",4,12,1
4160,0,"w",4,2,1
1985,0,"b",4,2,1
1023,0,"b",4,6,1
376,0,"b",4,8,1
2058,0,"b",4,9,1
4830,1,"w",4,7,0
857,0,"b",4,7,0
2582,0,"b",4,8,1
4395,0,"b",4,14,1
2659,0,"b",4,7,1
961,0,"w",4,6,1
3037,0,"b",4,9,1
4753,0,"w",4,4,1
3053,0,"w",4,18,1
1692,0,"w",4,11,1
246,0,"w",4,7,1
3272,0,"w",4,5,1
4837,0,"w",4,2,1
3015,0,"w",4,7,0
2790,0,"w",3,13,1
151,0,"w",4,6,1
804,0,"b",4,15,1
3720,0,"b",4,11,1
4508,0,"b",3,4,1
1311,1,"b",4,6,0
3216,0,"b",4,2,1
776,0,"b",4,5,1
4299,0,"w",3,4,1
2065,0,"w",4,6,1
717,0,"w",4,6,1
868,0,"b",2,16,1
4159,0,"b",4,6,1
100,0,"w",4,2,1
3380,0,"b",4,7,1
3984,0,"b",4,4,1
732,0,"w",4,8,1
1556,0,"w",3,1,1
4416,0,"b",4,2,1
4056,0,"w",4,6,0
4049,0,"w",4,11,1
2619,0,"b",3,13,1
1991,0,"b",4,6,1
988,1,"w",3,5,1
2041,0,"w",4,11,1
4761,0,"b",4,10,1
4557,0,"b",4,15,1
4608,0,"b",4,18,1
807,1,"w",4,10,1
4547,0,"w",3,4,1
4157,0,"w",4,8,1
49,0,"w",4,4,1
1766,0,"w",4,6,1
4420,0,"w",3,6,1
4650,0,"w",4,7,1
1349,0,"b",4,10,1
1297,0,"w",3,2,1
1866,0,"w",2,4,0
1534,0,"b",4,6,1
2135,0,"b",4,5,1
3974,0,"b",4,3,1
4410,1,"w",4,8,1
4052,0,"b",4,5,1
1101,0,"w",4,6,1
2493,0,"w",4,6,0
588,0,"b",4,6,1
1566,1,"w",3,13,1
4345,0,"b",4,14,1
3612,0,"b",4,6,1
1356,0,"b",4,11,1
559,0,"b",4,8,1
2920,0,"b",3,8,1
694,0,"b",4,5,1
4029,0,"w",0,4,1
2888,0,"w",4,3,1
4741,0,"b",3,2,1
2157,0,"b",4,8,1
1232,0,"b",4,3,1
2190,0,"w",4,8,1
4506,0,"b",4,8,1
1759,0,"w",4,13,1
1427,0,"w",3,13,1
4010,0,"w",4,5,1
3355,0,"b",4,6,1
1837,0,"w",4,5,1
4019,1,"w",3,6,1
2229,1,"w",4,13,1
2748,0,"w",3,2,1
3986,0,"b",4,5,1
2641,0,"b",4,6,1
3413,0,"b",4,4,1
1616,0,"b",3,7,1
3262,0,"b",4,14,1
4319,0,"w",4,5,0
3369,0,"w",4,4,1
2158,0,"w",4,8,1
935,0,"b",4,3,1
1435,1,"w",3,2,0
3128,0,"w",4,6,1
2712,0,"w",4,6,1
506,0,"w",4,6,1
641,0,"w",4,6,1
2496,0,"w",4,9,1
1172,1,"w",2,18,0
1656,0,"w",4,6,1
274,0,"b",4,6,1
4776,0,"w",3,8,1
2602,0,"w",4,7,1
4520,0,"b",3,6,1
1663,0,"w",4,6,1
889,1,"w",4,14,1
4695,0,"w",4,6,0
144,0,"w",4,4,0
2757,0,"w",4,10,1
4765,0,"w",4,5,1
2278,0,"w",4,7,0
3407,0,"b",4,2,1
2327,1,"b",4,6,1
130,0,"w",3,8,1
4831,0,"w",3,4,1
2980,0,"b",4,8,1
974,0,"b",2,3,1
4439,0,"b",4,25,1
738,0,"b",2,19,0
4486,0,"b",4,5,1
3780,0,"w",3,2,1
3162,0,"b",4,2,1
2489,0,"b",4,14,1
4138,0,"w",4,2,1
3895,0,"w",4,2,1
1982,0,"w",4,5,1
1255,0,"b",4,26,0
4119,0,"w",2,8,0
1974,0,"b",4,6,1
4756,0,"w",4,3,1
3636,0,"b",2,3,0
4646,0,"b",3,7,1
4073,1,"b",3,8,0
1864,0,"b",4,5,0
3630,1,"b",4,4,1
154,0,"b",2,6,1
834,0,"w",4,2,1
737,0,"w",3,4,1
232,0,"b",4,21,1
4800,0,"w",4,7,0
2501,0,"b",2,3,1
2448,0,"b",4,7,0
263,0,"w",4,7,1
3937,0,"w",3,4,1
1489,0,"b",4,7,1
1141,0,"w",4,2,1
1756,0,"w",4,5,0
4850,0,"b",4,6,1
40,0,"w",4,5,0
3635,0,"b",3,6,1
3137,0,"w",4,2,1
772,0,"w",3,8,1
2701,0,"w",4,6,1
510,0,"w",4,4,1
337,0,"w",3,6,1
1372,0,"b",3,13,1
4581,0,"b",4,8,1
4452,0,"w",4,7,1
3554,0,"w",4,2,1
2211,1,"b",2,19,0
3004,0,"b",4,2,1
2268,0,"w",4,6,1
640,0,"w",4,4,1
2325,1,"w",2,8,0
3314,0,"b",4,6,0
1220,0,"w",4,5,1
2415,0,"b",2,4,1
1764,0,"w",4,5,0
3121,0,"b",4,7,0
3509,0,"w",4,6,1
2754,0,"b",3,4,1
649,0,"w",4,5,0
3910,0,"w",1,10,0
4014,0,"b",4,7,1
3923,0,"b",3,10,1
1325,0,"b",3,13,1
3751,0,"w",4,11,1
1175,0,"b",4,7,0
921,0,"b",4,6,1
4735,0,"w",2,7,0
3221,0,"b",4,8,1
746,0,"b",3,4,1
3451,0,"w",4,2,1
1196,0,"b",4,5,1
43,0,"w",4,7,1
3399,0,"b",4,4,1
947,0,"w",4,5,1
277,0,"w",4,8,1
842,0,"w",4,6,1
1144,0,"w",4,6,1
2218,0,"w",3,4,1
3187,0,"w",4,7,0
3610,0,"b",4,7,0
3927,0,"w",4,6,1
3823,0,"b",4,8,0
4429,0,"w",4,6,0
4641,0,"w",4,11,1
6,0,"w",4,6,0
2110,0,"b",4,26,0
3682,0,"b",4,12,1
2850,0,"b",0,3,1
3388,0,"b",4,9,1
3572,0,"w",4,7,1
3473,0,"b",4,2,1
1852,0,"b",2,5,0
4413,0,"b",2,3,1
1300,0,"b",4,14,1
187,0,"b",4,8,1
159,0,"b",4,7,1
2046,0,"b",4,14,1
44,0,"w",4,6,1
1088,0,"b",3,6,1
4826,0,"b",2,16,1
2409,0,"b",3,7,1
2385,0,"b",3,13,1
1458,0,"w",4,6,1
4770,0,"b",4,5,1
3790,0,"b",3,6,1
1922,0,"b",3,5,1
1812,0,"w",4,6,1
705,0,"b",4,10,1
4716,0,"w",4,14,1
1179,0,"w",4,9,1
4313,0,"w",3,8,1
4472,0,"w",4,4,0
1306,0,"w",3,26,1
2997,0,"w",4,8,1
2138,0,"w",4,4,1
4023,0,"w",2,3,1
2214,0,"w",3,26,1
3640,0,"w",4,4,0
1304,0,"b",3,1,1
4662,0,"w",1,4,1
2494,0,"b",4,4,1
4418,0,"b",4,4,1
911,1,"w",4,12,1
4460,0,"w",4,10,1
4719,0,"b",4,3,1
3654,0,"b",4,3,1
3124,0,"b",4,13,1
2855,0,"b",4,4,1
2333,0,"w",4,5,1
38,0,"b",4,3,0
4347,0,"b",4,8,1
2156,0,"w",4,14,1
3944,0,"w",4,6,1
2220,0,"b",3,1,1
576,0,"w",4,8,1
1051,0,"w",4,6,1
27,0,"b",1,4,1
2470,1,"b",4,9,1
384,1,"b",4,13,1
3764,0,"b",4,5,1
1288,0,"b",3,4,1
4245,0,"w",4,3,1
3373,0,"w",4,4,1
1068,0,"w",4,21,1
4622,0,"b",3,5,0
1990,0,"w",4,6,1
3621,0,"b",4,7,0
3017,0,"b",4,8,1
3756,0,"w",4,22,1
2160,0,"w",4,2,1
4548,0,"b",2,20,1
837,0,"w",4,7,0
4145,0,"w",4,7,0
1706,0,"b",4,9,1
2896,1,"b",4,11,1
4463,0,"b",3,7,1
943,0,"w",4,6,0
3402,0,"b",3,3,1
3633,0,"w",4,7,1
3592,1,"w",4,6,1
2017,0,"w",4,4,1
4659,0,"b",4,5,0
2942,0,"w",3,3,0
3283,0,"w",2,3,0
1954,0,"b",3,10,1
2560,0,"b",3,15,1
2457,0,"w",4,2,1
3773,1,"w",4,6,0
3800,0,"b",4,13,1
621,0,"b",4,5,1
954,0,"b",4,6,1
4729,1,"b",4,5,1
4129,1,"b",4,8,0
2007,0,"w",4,13,1
61,0,"b",4,6,1
2513,0,"w",4,6,1
3135,0,"b",4,8,1
1112,0,"b",4,4,1
2357,0,"b",4,7,0
4711,0,"b",3,6,1
4707,0,"w",2,5,0
2577,0,"b",4,8,1
1221,0,"w",4,7,1
847,0,"b",4,2,1
1614,0,"b",4,5,1
1551,0,"w",3,13,1
2022,0,"b",4,4,1
4805,0,"b",4,6,1
371,0,"b",4,2,1
4675,0,"w",3,8,1
3872,0,"b",4,14,1
4372,0,"b",4,6,1
404,0,"b",4,8,1
336,0,"b",3,6,1
1788,0,"b",2,7,1
2629,0,"w",4,3,1
2827,0,"w",4,5,1
4689,0,"b",4,5,1
1266,0,"b",4,6,1
2640,0,"b",4,6,1
2090,0,"w",4,5,1
3863,0,"w",4,10,1
4870,0,"w",4,7,0
652,0,"b",4,5,0
3441,0,"b",3,16,1
248,1,"w",4,10,1
202,1,"w",4,8,1
4835,0,"w",4,6,1
2934,0,"w",3,12,0
2086,0,"w",4,11,1
3308,0,"b",4,11,1
4703,0,"b",4,6,1
1456,0,"b",4,4,1
3579,0,"b",4,6,1
4538,0,"b",4,5,0
3776,0,"b",4,6,0
1404,0,"b",4,26,0
1874,0,"w",4,4,0
2614,1,"b",4,13,1
2520,1,"w",4,8,1
1440,0,"b",4,9,1
4046,1,"w",3,16,1
4379,0,"w",4,7,0
2689,0,"b",2,16,1
4315,0,"b",4,4,1
2610,0,"w",3,5,0
347,0,"w",2,1,0
765,1,"b",4,12,1
4017,0,"w",4,14,1
3598,0,"w",4,2,1
2126,0,"w",4,11,1
2484,0,"w",2,19,0
623,0,"w",4,6,1
2822,0,"w",4,10,1
2819,0,"b",1,5,1
3329,0,"b",4,6,0
152,0,"b",4,9,1
660,0,"b",4,14,1
2139,0,"w",4,3,1
970,0,"w",4,4,1
724,0,"b",4,2,1
1270,0,"w",4,13,1
1463,0,"b",4,8,1
1118,0,"b",4,14,1
3374,0,"w",4,3,1
1199,0,"b",2,3,1
2100,1,"b",4,5,1
1481,0,"w",4,7,1
4466,0,"w",4,6,1
925,1,"w",4,21,1
2733,1,"w",2,16,1
3689,0,"w",0,4,1
4570,0,"b",4,8,1
3334,0,"b",4,6,1
2778,0,"w",4,11,1
730,0,"b",3,13,1
771,0,"w",4,7,1
4323,0,"w",3,12,1
1806,0,"w",4,7,1
2154,0,"w",4,14,1
16,0,"w",1,4,1
3112,0,"w",4,8,1
3511,0,"w",4,26,0
3323,0,"w",4,6,0
3304,0,"w",4,5,0
1819,0,"b",4,7,1
3025,0,"w",4,13,1
290,0,"w",4,12,1
3184,0,"b",4,6,1
1241,0,"w",4,21,1
819,0,"w",3,21,1
1361,0,"w",4,11,1
1293,0,"b",4,14,1
196,0,"w",4,2,1
2960,0,"w",4,14,1
2732,0,"b",4,7,0
1257,0,"w",4,6,1
595,0,"b",4,14,1
666,0,"b",4,3,1
3556,0,"w",4,6,1
463,0,"b",3,4,1
507,0,"w",4,6,1
3315,0,"b",4,4,1
4432,0,"b",4,5,1
3771,0,"w",4,11,1
1930,0,"w",3,8,1
1507,0,"w",4,12,1
1111,0,"b",4,3,1
1688,0,"b",3,4,1
4532,0,"w",3,21,1
1298,0,"w",4,9,1
3508,0,"w",4,7,0
1681,0,"b",4,8,0
3847,0,"b",4,2,1
1335,0,"w",4,13,1
4868,0,"w",4,8,1
2637,0,"b",4,14,1
3948,0,"b",3,5,1
3435,0,"b",4,11,1
3039,0,"w",4,2,1
2829,0,"b",0,4,1
1092,0,"b",4,5,1
983,0,"b",3,21,1
4576,0,"w",4,20,0
4148,0,"b",4,8,0
530,0,"b",4,12,1
1283,0,"b",3,7,1
1881,0,"w",3,17,1
379,0,"w",2,16,1
1695,1,"w",3,4,1
3743,0,"b",3,5,1
1346,0,"w",3,5,1
4293,0,"w",4,4,0
3699,0,"w",3,4,1
2710,0,"w",4,8,1
532,0,"b",3,8,1
673,0,"w",3,8,1
1143,0,"b",4,8,1
3487,0,"b",4,2,1
1099,0,"w",4,7,1
878,0,"b",3,4,1
3679,0,"w",4,5,0
848,0,"b",4,8,1
2063,0,"w",4,8,0
1915,0,"w",4,8,1
4278,0,"b",4,3,1
2207,0,"b",4,5,1
2206,0,"b",4,7,1
3622,0,"b",4,2,1
204,0,"b",3,9,1
4787,0,"b",4,13,1
1707,0,"w",3,4,1
212,0,"b",4,5,1
3657,0,"w",4,6,0
3285,0,"b",4,13,1
1645,0,"w",4,4,1
4674,0,"w",3,9,1
1517,0,"b",4,7,0
3607,0,"b",4,8,1
1401,0,"b",4,26,0
3808,1,"b",4,2,1
4459,0,"w",4,5,0
4477,0,"w",3,1,1
1801,0,"w",4,4,0
2052,0,"b",4,4,1
2767,0,"w",4,7,1
3568,0,"w",4,8,1
3954,1,"b",4,11,1
4471,0,"w",4,6,1
4183,0,"b",3,9,1
1709,0,"w",2,16,1
2866,0,"b",4,10,1
2127,0,"w",4,11,1
4147,0,"w",4,8,0
959,0,"w",4,6,1
3929,0,"b",4,4,1
1978,1,"b",4,6,1
697,0,"w",4,2,1
441,0,"w",1,10,0
4748,0,"w",3,5,1
1906,0,"w",4,6,1
1875,0,"w",3,5,1
986,0,"b",4,11,1
978,0,"b",4,4,1
1044,0,"b",3,1,1
1577,1,"w",4,7,0
2129,0,"b",4,5,1
756,0,"b",3,4,1
269,0,"b",4,4,0
1907,0,"b",4,6,1
1061,0,"b",4,9,1
3491,0,"w",4,6,1
174,0,"w",4,8,1
852,0,"w",4,8,1
4329,0,"w",3,6,1
64,0,"w",4,6,0
3210,0,"w",4,7,0
1490,0,"w",4,4,1
1236,0,"w",4,7,1
1999,0,"w",4,7,0
4559,1,"w",4,5,1
1625,0,"w",4,23,1
1331,1,"w",3,7,1
1936,1,"w",4,5,1
4236,0,"w",4,7,1
3814,0,"w",4,18,1
931,0,"b",3,11,1
4615,0,"w",4,13,1
3090,0,"w",4,9,1
3759,0,"w",3,16,1
4423,0,"w",3,7,1
2288,0,"b",4,8,0
1086,0,"b",4,4,1
2798,0,"w",4,5,0
1876,0,"b",2,3,1
1147,0,"w",4,7,0
3064,0,"b",3,4,1
590,0,"b",4,9,1
2847,1,"b",4,6,0
4301,0,"b",3,3,1
1009,1,"w",4,2,1
642,0,"w",4,6,0
1753,0,"w",4,7,1
4516,0,"b",3,2,1
563,0,"b",4,10,1
1740,0,"b",4,11,1
4101,0,"b",4,7,0
918,0,"w",3,3,1
759,1,"w",2,6,1
3026,0,"b",4,14,1
4084,0,"b",2,3,1
1522,0,"w",4,7,0
2840,0,"b",4,7,1
448,1,"w",4,11,1
2021,0,"w",4,7,1
4279,0,"w",2,2,1
4568,0,"w",4,13,1
4768,0,"w",2,6,0
4275,0,"b",4,4,1
293,0,"w",4,6,0
271,1,"w",4,6,1
1769,0,"b",3,9,1
3546,0,"w",4,18,1
3108,0,"w",4,8,1
3606,0,"w",4,2,1
3024,0,"b",3,13,1
4247,1,"b",4,2,1
4086,1,"b",4,8,1
1576,0,"b",3,26,1
4162,0,"b",4,8,1
4394,0,"w",4,8,1
2238,0,"w",4,5,1
4066,0,"b",3,4,1
936,0,"w",4,4,1
2566,0,"w",4,6,1
2834,0,"w",4,6,1
2045,0,"w",4,6,1
1591,0,"w",4,3,1
408,0,"b",4,6,1
1050,0,"b",4,13,1
3309,0,"b",4,10,1
1501,0,"w",4,4,1
3269,0,"b",0,4,1
3798,0,"b",3,7,0
1509,0,"w",3,4,1
797,0,"w",4,3,1
2123,0,"w",3,6,1
341,0,"w",3,4,1
1532,0,"b",4,8,1
2669,0,"b",4,7,0
2164,0,"b",4,10,1
406,0,"b",3,4,1
192,0,"w",4,18,1
2775,0,"w",4,4,1
1087,0,"w",4,5,1
2759,0,"w",4,14,1
211,1,"w",4,4,1
2766,0,"b",3,6,1
4317,0,"w",4,7,1
2270,0,"w",4,8,1
4201,0,"b",4,6,1
3495,0,"w",4,2,1
839,0,"b",4,6,1
4773,0,"w",3,3,0
237,0,"b",3,9,1
1705,0,"w",3,7,1
135,0,"w",4,8,1
4496,0,"w",4,4,1
2236,0,"b",4,26,0
239,0,"w",3,5,1
1227,0,"w",4,7,1
523,0,"w",4,2,1
1500,0,"b",4,3,1
3338,0,"b",4,7,1
1882,0,"w",4,5,1
3481,0,"b",4,7,0
2302,1,"w",3,2,0
1034,0,"b",4,8,1
1176,0,"w",4,8,1
3939,0,"w",0,5,1
4701,0,"b",2,6,1
3497,0,"w",4,6,1
3507,0,"b",4,14,1
4399,0,"w",3,26,1
4340,0,"b",4,7,0
2575,0,"b",4,7,0
1394,0,"b",4,8,1
3483,0,"b",4,7,0
2947,0,"w",4,10,1
4712,0,"w",2,7,1
349,1,"w",4,1,1
2193,0,"b",4,11,1
4530,0,"b",4,6,1
411,0,"w",3,26,1
3492,1,"w",4,26,0
4054,0,"b",4,4,1
1367,0,"w",4,6,1
4316,0,"w",3,3,1
2261,0,"b",4,6,1
2681,0,"b",4,13,1
2301,0,"b",3,7,1
1170,0,"b",3,26,1
2755,0,"w",4,14,1
1942,0,"b",4,15,1
2586,0,"b",4,2,1
3202,0,"b",4,2,1
3950,0,"b",4,4,1
2124,0,"b",4,6,1
3585,0,"w",4,26,0
3642,0,"w",3,8,1
2175,0,"b",4,8,1
1502,0,"w",4,3,1
1038,0,"b",4,8,1
783,0,"b",4,3,1
4582,0,"w",4,7,0
4869,0,"b",4,2,1
525,0,"w",4,7,1
414,1,"w",4,20,0
4415,0,"w",1,4,1
112,0,"b",4,4,0
2059,0,"b",4,15,1
2425,0,"b",4,6,1
3977,0,"w",2,3,0
1483,0,"w",4,9,0
2035,0,"w",3,9,1
516,0,"b",4,5,1
2707,0,"w",4,6,1
2860,0,"b",4,14,1
3985,0,"w",2,19,1
3691,0,"w",4,5,0
869,0,"w",3,1,1
370,0,"b",4,10,1
1216,0,"w",3,5,1
2077,0,"b",4,8,0
895,0,"w",4,4,1
4187,0,"b",4,4,1
2476,1,"w",4,7,0
1631,0,"w",4,7,1
2831,0,"w",4,5,1
4241,0,"w",2,6,0
172,1,"b",3,11,1
2040,0,"b",4,13,1
2747,1,"b",4,7,0
1391,0,"w",4,7,0
3058,0,"b",4,26,0
4186,0,"w",3,4,1
4585,0,"b",4,6,1
393,0,"w",3,4,1
3063,0,"w",2,16,1
3257,1,"w",4,18,1
3212,0,"b",4,7,0
2463,0,"b",3,1,1
2480,0,"b",3,13,1
3405,0,"w",4,7,1
680,0,"b",4,12,1
419,0,"w",2,18,0
3785,0,"b",3,5,1
1198,0,"w",4,5,1
555,0,"w",4,6,1
3310,0,"w",4,11,1
3736,0,"b",4,3,1
1951,1,"w",3,9,1
4098,0,"b",4,14,1
1471,0,"b",4,14,1
2434,0,"w",4,7,0
4855,0,"w",4,8,1
3264,0,"b",4,8,1
3270,0,"b",4,12,1
993,0,"w",3,4,1
4243,0,"b",4,6,0
4657,0,"w",4,5,1
284,0,"w",4,6,0
4502,0,"w",4,2,1
4020,0,"b",2,5,0
4205,0,"b",2,11,1
4271,0,"b",4,2,1
3728,0,"w",4,5,1
2664,0,"b",3,1,1
1810,0,"w",4,2,1
227,0,"b",3,6,1
80,0,"w",4,10,1
1988,0,"w",4,20,0
201,1,"b",4,8,1
1854,0,"w",3,3,1
2331,0,"b",3,8,1
761,0,"w",4,12,1
638,0,"b",4,4,1
1202,0,"b",4,5,1
3818,0,"b",4,7,0
13,0,"b",4,4,1
926,1,"b",4,7,1
3518,0,"w",2,8,0
824,0,"b",3,5,1
1641,0,"w",4,6,1
1619,0,"w",4,19,1
1793,0,"w",4,5,1
1074,0,"b",3,6,1
2760,0,"w",4,20,0
4146,1,"b",4,8,1
1949,0,"w",3,8,1
1596,0,"b",4,6,1
407,0,"w",4,7,0
4490,0,"w",1,4,1
233,0,"w",4,6,1
2884,1,"w",4,4,0
788,0,"b",4,9,0
2423,0,"w",4,5,1
2824,0,"w",4,8,1
2541,1,"w",3,16,1
3421,0,"b",1,4,1
2186,0,"b",4,8,1
2015,0,"b",4,8,1
1815,1,"w",4,5,1
1900,0,"b",4,2,1
4417,0,"w",2,2,0
1218,0,"b",3,6,1
2165,1,"b",4,8,0
1032,0,"b",4,2,1
1775,0,"b",3,8,1
2293,0,"w",4,8,1
4833,0,"b",3,5,0
2083,0,"b",4,14,1
655,0,"w",4,6,1
1171,0,"b",3,4,1
1652,0,"b",3,7,1
871,0,"w",3,18,1
2504,0,"w",4,4,1
2202,1,"b",3,26,1
4644,0,"w",2,6,1
4586,0,"b",4,2,1
4155,0,"w",4,7,0
1617,0,"b",4,13,1
1763,0,"w",4,5,1
1675,0,"b",4,8,1
609,0,"w",4,11,1
1188,0,"b",4,6,1
1250,0,"w",4,8,1
19,0,"w",4,6,0
3010,0,"w",4,8,1
4510,0,"b",3,5,1
3215,0,"w",4,2,1
1700,0,"w",3,1,1
2633,0,"b",4,11,1
1152,0,"b",4,8,1
2653,0,"b",4,6,1
1513,0,"b",3,3,1
1976,0,"b",4,6,1
2262,0,"w",4,6,1
4694,0,"w",4,7,1
2458,0,"w",4,26,0
2289,0,"b",4,6,1
3496,0,"w",4,7,0
4061,0,"b",4,11,1
4139,0,"w",2,16,1
2396,1,"w",4,11,1
428,1,"b",4,9,1
3997,0,"b",4,20,1
1069,0,"b",3,6,1
3156,0,"w",4,3,1
2816,0,"b",3,21,1
715,0,"b",4,8,1
2951,1,"w",4,6,1
880,0,"w",3,5,0
1444,0,"b",3,13,1
2284,0,"b",4,6,1
1014,0,"b",4,2,1
56,0,"b",4,7,1
3530,0,"b",4,8,1
1240,0,"b",4,7,1
2502,0,"b",4,3,1
968,0,"b",4,6,1
1557,0,"b",3,5,0
4525,0,"w",3,3,1
2558,0,"b",4,7,1
645,0,"w",4,4,1
3911,0,"w",4,7,0
2490,0,"b",3,7,1
3889,0,"w",4,7,0
3931,0,"w",3,7,1
477,1,"b",4,5,1
1167,0,"w",3,1,1
2717,0,"b",4,5,1
2963,0,"b",4,18,1
4156,0,"b",4,2,1
4208,0,"b",4,6,1
973,0,"w",3,6,1
690,0,"b",4,8,1
2546,0,"b",3,4,1
3389,0,"b",3,2,1
2051,0,"w",4,4,1
1215,0,"b",4,5,1
4450,0,"w",4,5,0
4309,0,"w",4,6,0
1799,0,"b",4,5,0
2286,0,"w",4,8,1
3666,0,"b",4,11,1
2340,0,"w",4,6,1
4137,0,"b",4,7,0
2531,1,"b",4,6,1
402,0,"b",4,2,1
3346,0,"b",4,6,1
695,0,"b",4,6,1
1208,0,"w",3,8,1
98,0,"w",4,11,1
4069,0,"b",4,6,1
273,1,"w",4,6,1
2203,0,"b",3,4,1
2473,0,"b",4,7,1
3143,0,"w",4,6,1
934,0,"b",3,10,1
2412,0,"w",3,9,1
564,0,"b",4,8,1
856,0,"b",4,7,0
527,0,"w",3,8,1
4411,0,"b",4,4,1
58,0,"b",2,5,0
3643,0,"b",4,4,1
1570,0,"w",3,4,1
1640,0,"b",4,4,1
3018,0,"b",4,10,1
787,0,"w",4,8,1
4405,0,"w",4,7,0
1429,0,"w",4,14,1
1334,1,"b",4,7,1
67,0,"b",4,6,1
168,0,"b",3,7,1
613,0,"w",3,7,1
11,0,"b",4,8,1
2600,0,"b",4,8,0
3353,0,"w",4,6,1
603,0,"b",4,10,1
2255,0,"b",4,10,1
1287,0,"w",2,19,0
15,0,"b",4,5,0
4847,1,"w",4,2,1
2191,0,"w",4,8,1
2401,0,"b",3,5,0
1368,0,"b",3,3,1
3557,0,"b",4,10,1
45,0,"b",4,5,1
4455,0,"b",4,3,1
2922,0,"w",4,4,1
1590,1,"b",3,4,1
4044,0,"w",2,5,1
175,0,"w",4,18,1
1835,0,"b",4,4,0
3827,0,"w",4,6,1
3493,0,"b",2,15,0
1396,0,"b",4,20,0
4828,0,"b",4,8,1
4788,0,"b",4,5,1
4192,0,"b",4,3,1
4124,0,"b",4,6,1
850,0,"w",4,7,0
2700,0,"b",4,3,1
836,0,"w",4,8,1
692,0,"b",4,7,1
3429,0,"w",4,7,1
519,0,"w",3,5,1
1269,0,"w",4,8,1
1862,0,"b",3,4,1
3647,1,"b",3,3,1
3767,0,"b",3,6,1
2213,0,"w",3,4,1
2881,0,"w",4,20,1
3596,0,"b",4,7,0
1064,0,"w",3,8,1
2170,0,"b",4,2,1
2625,0,"w",3,7,1
3468,0,"w",4,9,1
413,0,"b",4,5,1
1315,0,"b",2,5,1
1210,0,"b",4,21,1
4210,0,"b",4,7,1
3266,0,"w",3,8,1
1638,0,"w",4,8,1
2006,0,"b",4,14,1
994,0,"b",4,5,1
2459,0,"w",4,8,0
1029,0,"w",4,6,1
1586,0,"b",4,5,1
2510,0,"b",4,5,1
4422,0,"b",4,7,1
1643,0,"b",4,4,1
3638,0,"b",4,4,1
4733,0,"w",4,9,1
4540,0,"w",4,4,1
1383,0,"w",4,14,1
3551,0,"b",4,8,1
1166,1,"b",4,14,1
3364,0,"b",4,3,1
1134,0,"b",3,10,1
4801,0,"b",4,8,1
829,0,"w",4,7,0
3745,0,"w",2,5,0
2311,0,"b",4,14,1
1693,0,"b",3,4,1
1416,0,"b",3,16,1
4697,0,"w",4,6,1
3115,0,"b",4,8,1
476,1,"w",3,21,1
2530,0,"w",4,7,0
4188,0,"b",3,4,1
291,0,"b",4,6,0
3692,1,"b",4,3,1
2812,0,"w",3,12,1
191,0,"b",4,14,1
3845,0,"w",4,18,1
1247,0,"b",4,9,1
1400,0,"w",4,5,1
4094,0,"w",4,6,1
3325,0,"b",4,4,1
752,0,"w",3,16,1
395,0,"b",3,4,1
3976,0,"w",3,4,1
1384,0,"w",4,18,1
3275,1,"w",4,5,0
2453,0,"b",4,7,0
4006,0,"w",4,4,0
3081,0,"w",4,7,0
789,0,"w",4,7,0
1530,0,"w",4,7,0
4143,1,"w",4,2,1
41,0,"w",4,5,1
1735,0,"b",3,6,1
812,0,"b",2,3,1
2368,0,"w",4,7,0
1286,0,"b",3,5,0
3645,1,"w",2,6,1
1728,0,"b",3,6,1
4195,0,"w",4,7,1
1159,0,"w",3,13,1
1653,0,"w",3,8,1
828,0,"b",3,6,1
4822,0,"b",4,6,1
1145,0,"w",4,26,0
471,0,"w",4,11,1
4754,0,"b",3,5,1
550,0,"w",4,6,1
1085,0,"w",4,5,1
2974,0,"b",4,6,1
197,0,"b",4,26,0
103,0,"b",4,4,0
4193,0,"b",4,4,1
770,0,"b",3,6,1
256,0,"w",4,4,1
4542,0,"b",4,9,1
48,0,"b",4,5,0
2073,0,"b",4,6,1
3022,0,"b",3,7,1
3907,0,"w",4,6,1
1777,0,"b",4,5,0
1150,0,"b",2,8,0
1420,0,"w",3,2,1
520,0,"b",3,6,1
2645,0,"w",4,7,0
241,0,"b",4,4,1
2804,0,"b",3,9,1
1611,0,"b",2,9,1
991,0,"w",3,4,1
4150,0,"w",4,8,1
533,0,"b",3,4,1
316,0,"b",4,5,0
3805,0,"w",3,11,1
4488,0,"w",4,4,1
2076,0,"b",4,8,1
4302,0,"b",3,6,1
218,0,"b",1,4,1
3726,0,"b",4,5,1
2492,1,"b",4,7,0
4359,0,"w",4,6,1
2168,0,"w",4,14,1
320,0,"b",3,6,1
1376,0,"b",4,8,0
1392,0,"w",4,6,1
4320,0,"b",4,4,0
468,0,"w",3,6,1
1362,0,"b",4,6,1
409,0,"b",3,4,1
121,0,"b",4,5,0
1214,1,"b",4,22,1
3901,0,"b",4,14,1
3333,0,"w",3,5,1
505,0,"b",4,6,1
4475,1,"w",4,11,1
661,0,"w",4,6,1
4738,1,"b",4,7,1
2652,0,"b",4,8,1
922,0,"b",4,8,1
1836,0,"b",2,5,1
3727,0,"w",4,4,1
2223,1,"b",3,1,1
3846,0,"b",4,2,1
4254,0,"w",4,6,1
3533,0,"b",4,6,1
2879,0,"w",4,7,1
2612,0,"b",3,26,1
2287,0,"w",4,8,0
398,0,"b",3,1,1
696,0,"w",4,7,0
4067,1,"w",4,7,1
188,0,"b",4,14,1
514,0,"b",3,6,1
3753,0,"b",4,3,1
4001,0,"w",4,6,1
2119,0,"w",3,8,1
2716,0,"b",4,2,1
418,0,"w",3,5,0
709,0,"w",4,7,0
4211,0,"w",3,8,1
2064,0,"b",4,7,0
307,0,"b",4,6,1
4171,0,"w",4,20,0
4230,0,"w",4,5,0
219,0,"b",2,4,0
3277,1,"b",4,7,0
3246,0,"w",4,8,1
1628,0,"w",4,10,1
327,0,"b",4,11,1
1851,0,"b",3,3,1
1131,0,"b",2,9,1
1223,0,"w",4,7,1
3620,0,"w",4,2,1
2338,0,"w",4,6,1
1743,0,"b",3,7,1
1912,1,"w",1,10,0
4597,0,"b",4,18,1
1997,0,"b",4,5,1
3561,0,"w",4,26,0
4262,0,"b",4,6,1
923,0,"w",4,13,1
726,0,"b",4,7,0
980,0,"b",4,5,1
3385,0,"b",4,4,1
214,0,"w",2,6,1
4135,0,"w",4,6,1
158,0,"w",4,12,1
3408,0,"b",4,3,1
2131,0,"w",4,4,1
747,0,"w",4,4,1
3172,1,"w",4,20,0
3600,1,"w",4,8,1
2864,0,"b",4,11,1
2468,1,"w",4,8,1
4639,0,"b",3,7,1
1055,0,"w",4,5,1
1487,0,"w",4,8,1
4487,0,"b",4,2,1
456,0,"w",4,6,1
1387,0,"b",4,6,1
1386,0,"w",4,2,1
1127,0,"b",2,6,1
2370,0,"w",3,1,1
4182,0,"b",4,12,1
220,0,"w",2,7,0
2222,1,"w",3,26,1
4816,0,"b",4,8,1
1352,0,"w",4,6,1
3271,0,"b",3,8,1
2783,0,"w",4,5,0
2030,0,"w",4,8,1
2334,0,"b",4,4,1
3165,0,"b",4,2,1
2599,0,"b",4,6,1
526,0,"b",4,5,1
4595,0,"w",4,14,1
1673,0,"b",4,7,0
3897,0,"b",4,8,1
3861,0,"w",4,7,0
2107,1,"w",3,4,1
2075,0,"b",4,6,1
1261,0,"b",4,20,0
796,0,"w",4,9,1
4185,0,"w",4,4,1
303,0,"b",4,5,1
3946,0,"w",3,6,1
2020,0,"b",4,6,1
2545,0,"b",4,7,1
405,0,"w",4,9,1
4212,0,"b",3,11,1
2393,1,"w",4,5,1
2851,0,"b",4,3,1
4550,0,"b",4,7,1
4274,0,"w",4,3,1
2419,0,"w",4,3,1
513,0,"w",4,4,1
4473,0,"b",4,2,1
4105,0,"b",4,14,1
1432,0,"w",2,16,1
2970,0,"b",4,2,1
4602,0,"w",4,8,0
3201,0,"w",4,8,1
748,0,"b",4,4,1
2518,0,"w",4,8,1
4841,0,"b",4,7,0
577,1,"b",3,26,1
2987,0,"w",4,6,1
3104,0,"w",4,2,1
4194,1,"w",2,7,0
3877,0,"b",4,18,1
4132,0,"b",3,13,1
2121,0,"b",4,7,1
3819,0,"b",4,2,1
258,0,"w",4,4,1
1026,0,"w",4,7,0
447,0,"b",4,6,1
2954,0,"w",4,8,1
795,0,"b",4,5,1
4690,0,"b",0,4,1
3302,0,"b",3,5,1
4571,0,"w",4,2,1
2479,0,"w",4,11,1
3649,0,"b",4,6,0
2454,0,"b",4,8,1
3578,0,"b",4,2,1
4102,0,"b",4,8,1
288,0,"b",4,9,1
2298,0,"b",4,8,1
3684,0,"w",4,11,1
1262,0,"w",4,8,1
1868,0,"w",4,4,0
3449,0,"w",4,8,1
4237,0,"b",4,5,1
4501,0,"w",4,5,1
3133,0,"w",4,26,0
1733,0,"w",2,6,1
1699,0,"b",3,13,1
2105,0,"b",4,7,0
1161,0,"b",4,5,1
2889,0,"w",4,1,1
3527,0,"w",4,9,1
851,0,"w",4,6,1
2259,0,"b",4,3,1
2386,0,"b",4,9,1
1995,0,"b",4,7,0
4625,0,"w",4,6,1
3442,0,"w",4,16,1
664,0,"b",4,8,1
4533,0,"w",3,6,1
4035,0,"w",4,5,0
4431,0,"w",4,3,1
2925,0,"w",3,6,1
173,0,"b",4,14,1
999,0,"w",4,6,1
4378,0,"b",4,6,1
3349,1,"w",4,6,1
1629,0,"w",4,6,1
2937,0,"w",4,15,1
3176,0,"w",4,8,1
3089,0,"w",3,13,1
2691,0,"b",3,13,1
1667,0,"b",4,8,1
2224,0,"w",4,11,1
2744,0,"b",4,9,1
1754,0,"b",0,5,1
3961,0,"b",3,7,1
2376,1,"b",4,13,1
3279,0,"w",2,5,0
4277,0,"w",4,4,1
2709,0,"b",2,8,0
2742,0,"w",3,4,1
1200,0,"w",4,4,1
2735,0,"b",3,26,1
3019,0,"w",3,13,1
1273,0,"w",4,5,1
2739,1,"b",3,26,1
4575,0,"w",4,7,0
2048,0,"b",4,11,1
480,1,"w",4,4,1
4202,0,"b",4,6,0
3223,0,"w",4,8,0
2402,0,"b",3,26,1
3043,1,"b",4,11,1
4448,0,"w",4,10,1
4064,0,"w",4,2,1
242,0,"w",4,4,1
181,0,"b",4,6,1
346,0,"b",4,15,1
566,0,"w",4,7,0
4300,0,"w",2,5,1
2872,0,"b",4,11,1
3045,0,"w",4,6,1
3659,0,"w",4,2,1
421,0,"w",4,8,1
1010,0,"b",4,6,1
401,0,"b",4,7,0
4128,1,"w",4,8,0
3597,0,"w",4,6,1
1259,0,"w",4,8,1
1229,0,"w",2,6,1
224,0,"b",4,10,1
3614,0,"b",4,8,1
2898,0,"b",3,3,1
3905,0,"b",4,8,0
4120,0,"w",4,10,1
2039,0,"w",3,10,1
1409,1,"w",3,4,1
946,0,"b",4,4,1
4393,0,"w",4,18,1
4215,0,"w",4,6,1
4184,0,"b",4,5,0
2536,0,"b",2,19,0
2087,0,"b",3,13,1
3238,0,"b",4,26,0
4057,0,"b",3,3,1
2290,0,"b",4,2,1
4759,0,"b",4,7,1
1067,0,"w",4,25,1
2342,0,"w",4,2,1
2923,0,"w",2,5,0
3655,0,"b",3,6,1
4649,0,"b",1,4,1
4630,0,"w",4,13,1
3835,0,"w",4,8,1
1185,0,"w",3,1,1
3376,0,"b",4,3,1
3232,0,"b",4,6,1
2967,0,"w",4,6,1
4255,0,"b",4,6,1
4122,0,"b",4,6,1
1742,0,"b",4,6,0
1863,0,"b",2,6,1
4055,0,"b",4,2,1
1142,0,"b",4,7,0
1587,0,"w",3,5,1
2550,1,"b",4,14,1
2464,0,"b",2,16,1
2608,0,"b",4,5,1
1698,0,"b",4,11,1
3860,0,"w",4,2,1
3930,0,"b",3,19,1
292,0,"w",4,4,1
1077,0,"b",4,11,1
872,0,"b",4,7,1
3667,0,"w",3,7,1
3825,0,"w",4,8,1
4446,0,"b",3,12,1
321,0,"b",3,3,1
3091,0,"w",4,8,1
627,0,"w",4,5,1
4153,0,"w",3,13,1
749,0,"w",4,4,1
1468,0,"b",4,6,1
1794,0,"b",4,6,1
2714,0,"b",4,6,1
3570,0,"w",4,6,1
2001,0,"b",4,2,1
12,0,"w",4,8,1
3498,0,"w",4,2,1
2148,0,"b",4,6,1
2745,1,"w",3,16,1
3253,0,"w",4,6,1
2917,0,"w",3,8,1
3582,0,"b",4,2,1
1005,0,"w",4,8,1
3107,0,"w",4,8,1
3391,0,"w",3,6,1
4521,0,"b",4,7,1
1454,0,"w",4,4,1
740,0,"b",4,10,1
2573,0,"w",4,6,1
3141,0,"b",4,7,0
4051,0,"w",4,6,0
2169,0,"b",4,7,0
2144,0,"b",4,6,1
10,0,"b",4,6,0
3406,0,"w",4,6,0
832,0,"w",4,7,0
3428,0,"w",3,9,1
711,0,"b",4,6,1
3982,0,"b",4,7,1
4811,0,"w",4,2,1
2991,0,"w",4,14,1
767,0,"w",4,11,1
465,0,"b",4,6,1
2784,0,"b",4,6,0
4003,0,"w",4,8,1
2776,0,"b",4,4,1
4130,1,"b",4,8,1
3397,1,"w",4,4,0
981,0,"w",4,6,1
873,0,"w",3,13,1
3260,0,"w",4,26,0
1805,0,"b",4,44,1
217,0,"b",4,3,1
2421,0,"b",4,5,1
1809,0,"w",4,6,1
1158,0,"b",4,6,1
186,0,"b",4,10,1
1027,0,"w",4,8,1
436,0,"b",3,16,1
682,0,"b",4,7,1
905,0,"w",4,12,1
1627,0,"b",4,9,1
938,0,"w",4,4,1
2130,0,"w",3,9,1
4511,0,"w",3,20,1
2540,1,"w",3,2,1
4232,0,"b",0,5,1
2571,0,"w",4,2,1
4026,0,"w",4,5,1
1042,0,"b",3,13,1
2720,0,"w",4,20,0
2768,0,"b",4,6,1
4556,0,"b",3,10,0
1861,0,"w",3,5,1
4311,0,"w",4,3,1
4569,0,"b",4,18,1
4207,0,"w",4,6,1
4039,0,"b",4,8,1
1748,0,"b",4,5,0
3762,0,"b",4,4,1
689,0,"w",4,6,1
1496,0,"b",4,2,1
1357,0,"b",4,6,1
1102,0,"b",4,6,1
2590,0,"w",4,6,1
3641,0,"w",3,4,1
2437,0,"w",4,26,0
1445,1,"w",3,4,1
1119,0,"b",4,6,1
610,0,"b",3,12,1
2257,0,"b",4,4,1
4551,0,"b",4,5,1
4351,0,"b",4,10,1
1438,0,"b",2,16,1
3560,0,"w",4,7,0
2969,0,"b",4,13,0
4863,0,"w",3,13,1
3957,0,"w",4,6,1
1375,0,"b",4,6,1
254,0,"b",4,13,1
2011,1,"b",3,13,1
3444,0,"w",4,8,1
1585,0,"w",4,4,1
1381,0,"w",4,8,1
3763,0,"w",3,3,1
2723,0,"w",4,10,1
3605,0,"w",4,2,1
3454,0,"b",4,8,1
1511,0,"b",4,6,1
1937,0,"w",3,7,1
1823,0,"b",4,2,1
2729,0,"w",1,10,0
1106,0,"b",4,6,1
2606,0,"b",3,4,1
4791,0,"w",4,6,1
313,0,"b",4,5,1
1340,0,"w",3,5,1
1206,0,"b",4,6,1
2188,0,"b",4,2,1
1120,0,"w",4,14,1
648,0,"b",4,7,1
1821,0,"b",4,5,0
166,1,"w",4,10,1
2010,1,"b",4,13,1
338,0,"b",2,4,1
1555,0,"b",3,13,1
1130,0,"w",4,15,1
1626,0,"b",4,11,1
1239,0,"w",4,6,1
815,0,"b",4,5,1
794,0,"w",4,6,1
2738,1,"w",4,5,1
3722,0,"w",2,4,0
4580,0,"b",4,5,1
30,0,"b",4,2,1
3906,0,"w",4,8,0
2200,0,"b",3,13,1
4240,0,"b",4,8,1
1366,0,"b",4,6,1
2961,0,"w",4,14,1
1729,0,"b",0,4,1
3566,0,"b",4,6,1
1018,0,"b",4,8,1
129,0,"b",4,6,0
579,0,"b",3,4,1
928,0,"w",3,6,1
266,0,"b",4,2,1
317,0,"w",4,6,1
3299,0,"w",3,6,1
253,0,"w",4,11,1
3778,0,"b",4,11,1
207,0,"w",4,5,1
4011,0,"w",4,2,1
4846,0,"w",4,5,1
4536,0,"w",4,5,1
1353,0,"b",4,6,0
3469,0,"w",4,8,1
3069,0,"b",3,4,1
2910,0,"w",4,4,1
2676,0,"b",4,9,1
4259,0,"w",2,4,0
1921,0,"w",3,8,1
1832,0,"w",4,6,0
2979,0,"w",4,8,1
3703,0,"b",4,6,0
3695,0,"b",0,4,1
1678,0,"b",4,7,0
3661,0,"w",2,6,1
2679,0,"w",3,1,1
2055,0,"w",3,3,1
3604,0,"b",4,8,1
4412,1,"w",4,4,1
2125,0,"b",3,13,1
2661,0,"b",3,16,1
2643,0,"b",4,8,1
3816,0,"b",4,10,1
1351,0,"w",4,6,1
2730,0,"b",4,6,1
4553,0,"w",4,12,0
1452,0,"b",4,8,1
195,0,"w",4,26,0
2321,0,"b",4,11,1
4866,0,"b",3,1,1
4663,0,"w",4,5,1
4529,0,"w",3,3,1
3470,0,"b",4,14,1
2587,0,"w",4,10,1
3204,0,"b",4,2,1
3345,0,"b",4,5,0
3540,0,"b",4,8,1
2697,1,"w",4,7,0
1559,1,"b",4,13,1
1516,0,"w",4,11,1
3774,0,"b",4,11,1
107,0,"b",4,6,1
953,1,"w",4,6,1
2008,0,"b",3,7,1
1562,1,"w",4,8,1
4219,0,"w",4,7,0
3909,0,"b",4,10,1
4265,0,"w",4,6,1
55,0,"w",2,5,0
3925,0,"b",4,4,1
2330,0,"w",2,5,1
2928,0,"w",4,12,1
1563,0,"b",3,4,1
3255,0,"w",4,6,1
1265,0,"b",4,2,1
229,0,"w",3,4,1
4758,1,"b",4,5,0
4209,0,"w",3,21,1
4375,0,"w",3,16,1
2611,0,"b",3,2,0
4076,0,"b",2,7,1
1369,0,"w",4,5,1
245,0,"b",4,9,0
1690,0,"b",4,7,0
42,0,"b",4,5,0
674,0,"b",4,5,1
2808,0,"b",4,5,0
1895,0,"b",4,8,1
670,0,"b",4,4,1
2318,1,"b",3,7,1
3047,0,"w",4,14,1
838,0,"b",4,7,0
908,0,"b",3,22,1
3258,1,"b",4,14,1
2483,0,"w",3,4,1
4391,0,"w",4,14,1
3717,0,"b",0,4,1
1238,0,"b",4,8,1
4709,0,"b",2,6,1
3196,0,"b",4,2,1
2989,0,"b",4,6,1
1615,0,"w",4,7,1
3164,0,"w",4,10,1
2101,0,"b",4,11,1
4545,0,"b",4,11,1
2179,0,"w",4,6,1
3973,0,"w",4,5,1
494,0,"w",4,9,1
4621,0,"b",4,9,1
1720,0,"b",4,4,1
3686,0,"b",4,6,1
4584,0,"w",4,6,1
3096,1,"b",4,5,1
3009,1,"b",4,8,1
280,0,"b",4,6,1
2012,0,"w",4,9,1
2392,0,"b",4,11,1
4692,0,"w",4,23,1
270,1,"b",4,11,1
4447,0,"b",4,11,1
780,0,"w",4,8,1
2628,1,"b",3,16,1
4590,0,"b",4,8,1
2532,0,"b",4,7,0
2326,1,"w",4,10,1
4699,0,"b",3,5,1
1046,0,"b",3,16,1
2763,0,"w",3,6,1
631,0,"w",3,7,1
4121,0,"b",1,10,0
511,0,"w",4,4,1
4242,1,"b",4,2,1
552,0,"b",4,6,1
2265,0,"w",4,6,1
4771,0,"w",3,6,1
294,0,"w",4,7,1
2667,0,"b",2,19,0
3300,1,"w",4,5,1
917,0,"b",4,4,1
2764,0,"b",2,6,1
410,0,"w",4,7,0
3073,0,"b",4,14,1
351,0,"w",3,8,1
722,0,"w",4,8,1
4481,0,"w",4,8,1
3782,0,"b",4,4,1
3130,0,"b",4,11,1
2067,0,"w",4,8,0
1253,0,"b",4,8,0
3955,0,"b",4,15,1
3494,0,"b",4,2,1
2410,0,"w",4,8,1
2875,0,"w",2,4,1
1797,0,"w",2,4,0
3924,0,"w",4,5,0
1966,0,"b",4,5,1
3120,0,"w",4,6,1
3637,1,"b",4,9,1
927,0,"w",4,5,1
1425,0,"w",4,5,1
1582,1,"b",1,10,0
1926,0,"b",3,4,1
1235,0,"b",4,7,1
967,0,"w",4,4,1
4469,0,"w",4,5,1
2153,0,"w",4,7,0
156,0,"w",4,7,1
4483,0,"b",0,4,1
3632,1,"b",4,4,1
2795,0,"b",3,8,1
1103,0,"w",4,6,1
614,0,"b",3,7,1
2467,0,"b",3,4,1
4348,0,"b",4,8,1
1572,0,"w",4,9,1
2455,0,"b",4,8,1
1850,0,"b",2,5,1
1604,0,"b",4,5,1
4402,1,"b",4,26,0
4304,0,"w",3,6,1
1299,0,"b",3,1,1
343,0,"w",4,12,1
4802,0,"b",4,7,0
3021,1,"b",4,13,1
4474,0,"b",4,2,1
3740,0,"b",2,2,1
2777,0,"w",4,11,1
1830,0,"b",3,2,1
800,0,"b",4,4,1
3352,0,"w",4,6,1
4464,0,"w",4,5,1
77,0,"w",4,12,1
2371,0,"w",4,9,1
2234,1,"w",4,14,1
1399,0,"w",4,2,1
3144,0,"b",4,7,0
2297,0,"b",4,8,0
3536,0,"b",4,26,0
4780,0,"w",4,25,1
976,0,"b",3,16,1
4612,1,"w",4,9,1
4543,0,"w",3,2,1
2897,1,"w",4,22,1
1547,0,"b",4,7,0
208,0,"b",4,11,1
3193,0,"b",4,8,0
251,0,"w",4,16,1
1515,0,"b",2,11,1
1872,0,"b",4,7,1
2508,0,"b",4,4,1
4785,0,"w",4,6,1
3665,0,"b",4,12,1
2013,0,"b",3,4,1
4652,0,"b",3,8,1
2708,0,"w",4,6,1
4324,0,"w",4,11,1
4840,0,"w",4,2,1
4032,0,"b",3,10,1
1605,0,"w",3,6,1
3381,0,"w",4,5,1
4364,0,"b",2,18,1
3070,0,"b",3,16,1
2895,0,"b",3,6,0
4037,0,"w",3,16,1
4577,0,"b",4,6,1
382,0,"w",3,4,1
2933,0,"b",2,2,0
3327,0,"b",3,7,1
1772,0,"w",4,4,1
545,0,"b",4,8,1
364,0,"w",4,2,1
3011,0,"w",4,8,0
1190,0,"w",4,4,1
4438,0,"w",4,13,1
4513,0,"b",4,5,1
3988,0,"b",4,3,1
4723,0,"b",4,3,0
1910,0,"b",4,7,0
720,0,"b",4,7,0
580,0,"w",4,5,1
4062,0,"w",4,7,1
1941,0,"w",4,21,1
2128,0,"b",2,10,0
1623,0,"w",3,9,1
238,0,"w",4,4,1
743,0,"b",4,4,1
4795,0,"w",4,6,1
1796,0,"w",4,4,1
2417,0,"b",4,5,1
1350,0,"w",4,9,1
4224,0,"w",4,4,1
416,0,"b",4,13,1
2132,0,"b",4,4,1
109,0,"b",4,6,0
3786,0,"b",4,4,0
3281,0,"w",4,4,0
1015,0,"b",4,7,0
3589,0,"b",4,8,1
2639,0,"w",4,6,1
2283,0,"b",4,6,1
635,0,"b",4,8,1
2133,0,"w",4,3,1
4775,0,"b",4,8,1
4669,0,"b",4,7,1
2940,0,"w",4,5,1
3007,0,"b",4,26,0
4080,0,"w",4,5,1
2914,0,"b",4,4,1
3093,0,"w",3,13,1
4220,0,"w",3,4,1
1726,0,"b",3,5,1
4834,0,"b",4,14,1
548,0,"w",4,2,1
2394,0,"b",3,13,1
4005,0,"b",4,8,1
4685,0,"b",3,7,1
3841,0,"w",4,7,0
3060,0,"b",4,18,1
4363,1,"b",3,2,1
768,0,"b",3,12,1
373,0,"w",4,2,1
2346,0,"w",4,18,1
2094,1,"b",3,16,1
4306,0,"b",3,5,1
295,0,"b",4,6,1
4682,0,"w",3,9,1
2849,1,"w",4,4,0
4764,0,"b",4,5,1
2435,0,"w",4,6,1
3576,0,"b",4,7,0
4041,0,"b",3,4,1
4244,1,"w",3,6,1
2375,0,"w",4,7,0
2274,0,"w",4,2,1
2395,0,"b",4,8,1
3537,0,"b",4,2,1
3979,0,"w",4,8,1
3729,0,"w",4,4,1
1194,0,"w",3,14,1
1654,0,"b",4,4,1
4144,1,"b",4,6,1
235,0,"b",3,4,1
3056,0,"b",4,26,0
707,0,"w",4,2,1
3321,0,"b",4,5,1
581,0,"b",4,6,1
3177,0,"b",4,7,0
4778,0,"b",3,8,1
2731,0,"w",4,7,0
4426,0,"b",2,4,1
163,0,"w",4,21,1
1691,0,"w",3,26,1
3731,0,"w",2,6,0
2579,0,"b",4,8,0
2948,0,"w",4,8,1
4862,1,"w",4,7,0
4827,1,"w",4,2,1
3256,0,"w",4,2,1
3772,0,"b",4,3,1
3169,1,"b",4,13,1
2646,0,"b",4,8,1
2998,0,"w",4,7,0
535,0,"b",3,3,1
3738,0,"b",3,6,1
2428,0,"b",4,5,1
160,0,"b",3,3,0
4497,0,"b",4,3,1
3461,0,"w",4,8,1
3613,1,"w",4,7,0
3915,0,"w",4,4,1
3709,0,"w",4,5,0
2915,0,"w",0,4,1
2583,0,"w",4,8,0
536,0,"w",4,4,1
4563,0,"w",4,26,0
32,0,"b",3,6,1
1280,0,"b",3,4,1
3245,0,"b",4,2,1
826,0,"w",4,5,1
2446,0,"b",4,8,1
1998,0,"b",4,13,1
2863,0,"w",4,6,1
1945,0,"w",4,21,1
2364,0,"w",4,2,1
1717,0,"b",3,13,1
4698,0,"b",3,4,1
2082,0,"b",4,8,1
4806,0,"b",4,8,1
2605,0,"w",3,13,1
3161,0,"b",2,8,0
1918,0,"b",4,7,0
4374,0,"b",3,7,1
3050,0,"b",4,6,1
2671,0,"w",3,4,1
4222,0,"b",4,13,1
863,0,"b",3,7,1
1933,0,"b",3,12,1
435,0,"b",4,7,0
2719,0,"w",4,7,0
3724,0,"w",4,6,0
90,0,"w",4,4,1
1183,0,"b",3,7,1
502,0,"w",4,6,1
1708,0,"b",3,1,1
3200,0,"w",4,6,1
2715,0,"b",4,6,1
1031,0,"w",4,8,1
4106,0,"w",4,18,1
3195,0,"b",4,7,0
2564,0,"w",4,4,1
142,0,"b",0,4,1
1,0,"w",4,6,1
4721,0,"w",4,6,1
2559,0,"w",4,20,1
3940,0,"w",3,9,1
1275,0,"b",4,2,1
3225,0,"w",4,8,1
2983,0,"b",4,4,1
4280,0,"w",3,4,1
4664,0,"w",4,3,0
3539,0,"b",4,18,1
108,1,"b",4,6,0
659,0,"w",4,6,1
1521,0,"w",4,2,1
250,0,"b",3,10,1
2102,0,"w",3,4,1
399,0,"w",4,8,1
571,0,"w",4,6,1
662,0,"b",4,6,1
2793,0,"w",3,9,1
2555,0,"w",4,19,1
2026,0,"w",3,16,1
3504,0,"b",4,10,1
1718,1,"b",2,19,0
3893,0,"w",4,6,1
1332,1,"b",4,8,1
1065,0,"w",4,8,1
283,0,"w",4,2,1
1056,0,"b",4,15,1
944,0,"w",4,5,1
2348,0,"b",4,14,1
3427,0,"b",4,15,1
3340,0,"b",4,12,1
4578,0,"w",4,26,0
3207,0,"b",4,6,1
4643,0,"w",2,2,0
4512,0,"b",3,6,1
1672,0,"w",4,2,1
3097,0,"w",4,8,0
2770,0,"b",4,6,1
4686,0,"w",4,6,0
686,0,"w",2,3,1
3624,0,"b",4,8,1
4656,0,"b",4,4,1
1713,1,"w",3,7,1
3083,0,"w",3,4,1
4647,0,"w",4,3,1
2477,1,"w",4,5,1
3377,0,"w",4,1,1
509,0,"b",4,7,1
903,0,"w",3,14,1
1560,0,"w",2,16,1
3617,0,"w",4,6,1
4377,0,"b",4,2,1
1385,0,"b",4,2,1
467,0,"b",4,7,1
138,0,"b",2,4,0
1710,0,"b",4,9,1
2562,0,"w",4,6,1
438,0,"w",4,2,1
177,0,"w",2,8,0
678,0,"w",4,4,1
2108,0,"b",3,16,1
4223,0,"b",3,9,1
3752,0,"b",4,6,1
3067,0,"w",2,19,0
2662,0,"w",3,4,1
1139,0,"b",4,7,0
4197,0,"b",3,8,1
3291,0,"w",3,7,1
881,0,"w",4,6,1
4623,0,"w",4,2,1
1197,0,"b",3,6,1
3350,0,"w",4,2,1
4824,0,"b",3,7,1
3886,0,"b",4,8,1
3185,0,"w",4,14,1
1569,0,"b",3,1,1
1803,0,"w",4,5,0
2799,0,"b",0,5,1
1153,0,"w",4,10,1
3526,0,"b",4,8,1
2825,0,"w",3,8,1
1760,0,"b",4,11,1
1789,0,"w",4,3,1
1541,0,"w",4,6,1
939,0,"w",4,4,1
3071,0,"w",2,19,0
1478,0,"b",4,5,1
668,0,"b",3,21,1
2657,0,"w",4,2,1
1310,1,"b",4,8,1
4004,0,"b",4,6,1
4360,0,"b",4,8,1
1608,0,"w",4,5,1
1358,0,"w",4,6,1
335,0,"b",3,4,1
4485,0,"b",4,9,1
1422,0,"b",3,4,1
963,0,"b",4,6,1
657,0,"b",4,6,1
1539,0,"w",4,2,1
2953,0,"w",4,26,0
4343,0,"w",4,6,1
1780,0,"b",4,14,1
1121,0,"b",4,6,1
472,0,"b",3,11,1
3664,0,"w",4,13,1
1607,0,"b",3,4,1
4601,0,"b",4,10,1
2378,0,"w",3,7,1
909,0,"b",4,13,1
4434,0,"w",3,15,1
886,1,"w",4,4,1
3545,0,"w",4,8,0
2273,0,"w",4,7,0
2789,0,"b",4,3,1
1193,0,"b",4,9,1
1060,0,"b",4,7,1
430,0,"b",4,8,1
2406,0,"w",4,4,1
1028,0,"w",4,26,0
4681,0,"w",4,7,1
1838,0,"w",3,5,1
2189,0,"w",4,8,1
4607,0,"w",4,14,1
1512,0,"w",3,3,1
2811,0,"b",4,11,1
1593,0,"w",4,8,1
1924,0,"b",2,4,1
3811,1,"w",4,8,1
1648,0,"w",3,6,1
3626,1,"b",4,7,0
3490,0,"b",4,23,1
2266,0,"b",4,14,1
833,0,"w",4,6,1
2556,0,"b",4,2,1
1684,0,"w",4,5,1
326,0,"w",4,4,1
2143,0,"b",4,14,1
2663,0,"w",3,16,1
952,0,"w",4,6,1
1320,0,"b",3,4,1
3447,0,"w",4,7,0
3445,0,"b",4,18,1
2242,0,"w",4,7,1
470,0,"b",4,12,1
2016,0,"w",3,4,1
2726,0,"b",4,2,1
2956,0,"b",4,8,1
2535,0,"w",2,16,1
4680,0,"w",4,21,1
3343,0,"w",4,6,1
2260,0,"w",4,2,1
4287,1,"w",4,6,0
630,0,"w",4,6,1
539,0,"w",3,3,1
4848,1,"w",4,7,0
1526,0,"b",4,2,1
3943,0,"w",2,4,1
3190,0,"b",4,6,1
66,0,"b",4,6,1
3020,1,"w",4,9,1
4176,0,"w",2,6,1
4353,0,"w",4,18,1
4660,0,"b",4,3,1
1110,0,"w",4,4,1
368,0,"b",4,8,0
3254,0,"w",4,8,1
4384,0,"w",4,7,0
3951,0,"w",4,6,0
451,0,"b",2,6,1
3230,0,"b",4,8,1
4053,0,"b",3,2,1
1744,1,"w",4,6,0
3092,0,"b",4,9,1
3322,0,"w",4,5,0
2360,0,"w",4,6,1
3030,0,"b",3,7,1
3875,0,"w",4,14,1
281,0,"b",4,3,1
4493,0,"b",4,5,1
148,0,"w",3,9,1
896,0,"b",4,4,1
778,0,"b",4,9,1
2291,0,"b",4,8,1
4600,0,"w",4,8,0
4087,0,"b",4,14,1
2958,0,"w",4,2,1
2616,1,"w",4,14,1
4292,0,"w",3,3,1
3804,0,"b",4,10,1
1739,0,"w",4,11,1
777,0,"w",0,4,1
4437,0,"b",4,7,1
4334,0,"w",3,19,1
1953,0,"w",4,9,1
3396,1,"b",0,4,1
2886,0,"w",3,7,1
462,0,"w",4,4,1
3042,0,"b",4,6,1
2779,0,"b",4,11,1
798,0,"w",4,4,1
3563,0,"b",4,8,1
700,0,"w",4,2,1
200,0,"b",1,10,0
4091,0,"b",4,8,1
3159,0,"b",4,8,1
2907,0,"b",3,16,1
3696,1,"w",3,8,1
149,0,"b",4,7,1
366,0,"w",4,6,1
1333,1,"w",4,6,1
3276,1,"w",4,6,0
594,0,"b",3,4,1
2307,0,"b",4,9,1
1373,0,"w",3,12,1
2277,0,"w",4,6,1
1934,0,"b",2,13,1
3261,1,"w",4,10,1
803,0,"b",4,9,1
811,0,"w",3,6,1
3668,0,"w",4,7,0
1891,1,"b",4,7,1
3467,0,"w",4,26,0
3529,0,"w",4,2,0
4679,1,"b",4,19,1
1736,0,"b",3,6,1
3564,0,"w",4,2,1
4852,0,"w",2,19,0
644,0,"b",4,7,1
1450,0,"w",3,9,1
2408,0,"w",4,6,1
4702,1,"w",4,7,1
1053,0,"b",3,5,1
3242,0,"b",4,2,1
442,0,"b",4,10,1
59,0,"w",4,4,1
2512,0,"b",4,10,1
2539,0,"b",3,1,1
434,0,"w",4,5,1
3555,0,"b",4,8,1
4314,0,"b",3,16,1
2309,0,"w",3,7,1
3815,0,"b",4,2,1
1192,0,"w",4,9,1
1781,0,"w",4,11,1
3180,0,"w",4,26,0
2982,0,"b",4,7,0
4631,0,"b",4,11,1
184,0,"w",4,18,1
3573,0,"b",4,7,0
4352,0,"w",4,6,1
2572,0,"b",4,7,0
97,0,"b",2,5,0
2552,0,"b",4,6,0
712,0,"b",4,8,1
1581,1,"w",4,10,1
4609,0,"b",4,26,0
4478,0,"b",2,18,0
1687,1,"w",4,11,1
1284,1,"w",3,4,1
2511,0,"b",4,7,0
4451,0,"w",4,5,1
1550,0,"w",4,14,1
646,0,"w",4,5,1
1289,0,"w",2,19,0
3887,0,"b",4,8,1
3166,0,"w",4,2,1
2651,0,"w",4,2,1
3259,0,"b",4,20,0
4260,0,"w",4,6,1
1873,0,"w",3,6,1
3425,0,"w",2,4,1
93,0,"b",4,4,1
3945,0,"b",4,5,1
4118,0,"b",3,5,0
3183,0,"w",4,11,1
4616,0,"b",4,8,0
1151,0,"b",4,6,1
3848,0,"w",4,8,1
639,0,"w",4,4,1
3793,0,"b",3,5,1
2635,0,"w",4,11,1
2805,0,"w",4,5,1
1136,0,"w",1,10,0
2978,0,"w",4,8,1
3942,0,"b",3,6,1
2977,0,"b",4,18,1
969,0,"w",4,3,1
3697,1,"b",4,9,1
4838,0,"b",4,7,0
762,0,"w",3,14,1
2801,0,"b",4,5,1
1428,0,"b",3,7,1
2693,1,"w",4,9,1
4058,0,"w",3,16,1
2836,0,"b",4,6,1
4749,0,"b",4,1,1
4442,0,"w",4,8,1
2498,0,"w",3,2,1
4109,0,"w",4,6,1
1553,0,"w",3,4,1
592,0,"b",3,13,1
1128,0,"w",4,6,1
1800,0,"b",4,5,0
2497,0,"b",4,4,1
2136,0,"b",4,2,1
2282,0,"w",4,7,0
607,0,"w",2,6,1
997,0,"w",2,1,1
612,0,"w",4,11,1
2159,0,"w",4,26,0
4549,0,"w",2,4,1
622,0,"w",4,5,1
1403,0,"w",4,8,1
2553,0,"w",4,6,1
1671,0,"w",4,10,1
4204,0,"w",4,13,1
1475,0,"w",4,7,1
4587,0,"w",4,7,0
4710,0,"b",4,6,1
437,0,"w",4,7,0
396,0,"w",3,2,0
4638,0,"w",4,4,1
3575,0,"w",4,8,1
4844,1,"w",4,11,1
1845,0,"b",4,5,1
4544,0,"w",4,4,1
813,0,"w",4,6,1
554,0,"w",4,7,0
4858,0,"b",4,2,1
3993,0,"w",1,4,1
296,0,"b",4,5,1
3867,0,"w",4,6,1
3099,0,"w",4,6,1
2116,0,"b",3,8,1
3267,0,"w",4,4,0
3506,0,"w",4,8,1
221,0,"w",4,11,1
1682,0,"b",4,8,1
2316,0,"b",2,19,0
1745,0,"w",4,5,0
2443,0,"b",4,7,0
4111,0,"w",4,8,1
1268,0,"w",4,7,0
3879,0,"w",4,7,0
3625,0,"w",4,2,1
972,0,"b",4,8,1
2372,0,"b",2,16,1
1178,0,"b",4,7,1
2000,0,"w",4,6,1
1237,0,"w",4,3,1
2876,0,"b",2,6,1
3559,0,"w",4,18,1
1730,0,"w",3,3,1
1731,0,"w",2,3,1
1249,0,"w",4,18,1
4310,0,"b",4,3,1
3368,0,"w",4,7,1
1778,0,"w",4,8,1
4216,0,"w",4,5,1
733,0,"b",3,13,1
2972,1,"b",4,7,0
285,0,"b",4,4,1
3446,0,"b",4,23,1
94,0,"b",4,2,1
478,1,"w",3,5,1
120,0,"w",2,1,0
4043,0,"b",3,4,1
916,0,"b",3,6,1
4354,0,"w",4,8,1
1658,0,"w",4,8,1
4203,0,"w",3,12,1
2893,0,"w",4,7,1
1657,0,"w",4,2,1
4308,0,"w",4,3,1
2984,0,"w",4,6,1
4065,0,"w",4,4,1
3715,0,"b",4,6,1
2772,0,"b",4,4,0
2341,0,"w",4,8,1
1461,0,"w",4,6,1
4009,0,"b",4,6,0
225,0,"b",4,5,1
676,0,"b",3,3,1
2140,0,"b",4,2,1
350,0,"b",3,3,1
4088,0,"w",4,26,0
203,0,"w",3,9,1
3514,0,"b",4,6,1
2696,1,"b",4,6,0
2387,0,"w",4,8,1
1785,0,"b",4,7,1
3644,0,"b",4,5,1
3412,0,"b",2,4,1
167,0,"b",4,10,0
340,0,"w",2,4,0
2894,1,"w",4,4,0
1928,0,"w",3,9,1
4158,0,"b",4,6,1
304,0,"b",4,4,1
1649,0,"w",3,5,1
1195,0,"w",3,7,1
4267,0,"w",4,5,1
1095,0,"w",4,9,1
4339,0,"w",4,6,1
2591,0,"w",4,8,1
1096,0,"w",4,7,1
2594,0,"b",4,7,0
4428,1,"b",1,4,1
182,0,"w",4,26,0
3687,0,"w",0,2,1
2630,0,"b",4,6,1
422,0,"b",4,6,1
1492,0,"w",4,5,1
4654,0,"b",3,4,1
1164,1,"w",4,9,1
2957,0,"w",4,7,0
3400,0,"w",4,5,1
2792,0,"b",4,2,1
397,0,"w",4,4,1
802,0,"w",4,7,1
4566,0,"w",4,14,1
1935,1,"b",4,7,1
1975,0,"w",4,14,1
3935,0,"b",4,12,1
3455,0,"w",4,11,0
4349,0,"b",4,7,0
3735,0,"w",4,8,1
2071,0,"w",4,7,0
4593,0,"b",4,14,1
3052,0,"w",4,14,1
3332,0,"b",4,4,1
3320,0,"b",4,8,1
1446,0,"b",4,8,1
2595,0,"b",4,5,1
2549,0,"w",3,1,1
4687,0,"w",3,6,1
1302,0,"w",3,5,0
466,0,"w",3,8,1
3420,0,"b",3,4,1
4635,0,"w",4,6,1
913,0,"w",4,11,1
2080,0,"w",4,8,1
4008,1,"b",4,2,0
4814,0,"w",4,7,0
3288,0,"b",4,3,1
1589,0,"w",3,3,1
309,0,"w",4,4,1
799,0,"b",4,5,1
1996,0,"b",4,6,1
4794,0,"b",3,10,0
265,0,"w",4,6,1
4499,0,"b",4,7,1
827,0,"b",3,5,1
3565,0,"b",4,14,1
459,0,"b",3,23,1
3725,0,"b",4,4,1
1843,0,"w",3,8,1
4168,0,"b",4,7,0
4050,0,"w",4,7,1
1661,0,"w",4,8,1
301,0,"w",2,3,1
3240,0,"w",4,14,1
2724,0,"b",4,13,1
3189,0,"w",4,7,0
3824,0,"b",4,8,1
4272,0,"b",4,6,1
95,0,"b",4,10,1
1719,0,"w",4,7,1
2861,0,"w",4,4,0
4100,0,"w",4,2,1
818,0,"b",4,16,1
1925,0,"w",3,6,1
616,0,"w",4,7,1
573,0,"w",4,14,1
127,1,"b",4,9,1
4592,0,"b",4,8,1
4789,1,"w",4,12,1
713,0,"b",4,8,1
1938,1,"b",4,6,0
2505,0,"b",4,7,1
4528,0,"b",4,5,1
2570,0,"w",4,6,1
4821,0,"b",4,2,1
4781,0,"b",4,6,1
1870,0,"b",4,4,1
4503,0,"w",4,3,1
2551,0,"w",4,7,0
3127,0,"w",4,6,1
334,0,"w",2,6,1
3367,0,"b",4,6,1
1913,0,"w",4,8,1
950,0,"b",4,6,1
4178,0,"b",3,6,1
2817,0,"w",4,4,1
1477,0,"w",2,4,1
4767,0,"w",3,5,1
137,0,"b",4,5,1
3947,0,"w",4,5,1
3741,0,"w",4,8,1
3963,0,"w",3,8,1
3803,0,"b",3,10,1
3926,0,"w",4,4,1
3629,1,"w",4,7,1
2823,0,"b",4,6,1
2516,1,"w",4,7,0
2962,0,"b",4,18,1
4673,0,"b",4,6,1
4165,0,"w",4,7,0
2444,0,"b",4,14,1
4344,0,"w",4,8,0
1580,0,"w",3,16,1
1792,0,"b",4,5,1
3463,0,"b",4,6,1
1771,0,"b",4,5,1
3366,0,"w",1,4,1
4012,0,"w",4,6,0
1987,0,"w",4,8,1
3628,0,"b",4,6,0
4284,0,"b",3,2,1
4173,0,"w",4,14,1
1251,0,"w",4,8,1
4362,0,"w",4,14,1
810,0,"w",3,16,1
18,0,"b",4,6,0
4151,0,"w",3,13,1
4198,0,"w",4,2,1
2865,0,"w",4,10,1
1322,0,"b",4,4,1
2352,0,"b",4,8,1
4632,0,"w",3,7,1
2106,0,"w",2,19,0
34,0,"b",4,6,1
1321,0,"w",4,7,1
1108,0,"b",4,10,1
4777,0,"w",3,8,1
2049,0,"w",4,5,1
3149,0,"w",4,6,1
2588,0,"w",4,8,1
1883,0,"b",4,4,1
1896,0,"w",4,13,1
2750,0,"b",4,9,1
2521,0,"w",4,6,1
171,0,"b",2,6,1
4408,0,"b",4,4,1
1344,0,"b",3,9,1
3439,1,"w",4,18,1
2442,0,"w",4,18,1
3900,0,"w",4,26,0
1634,0,"b",4,6,0
2561,0,"b",4,7,1
2183,0,"w",4,2,1
1191,0,"b",3,11,1
1230,0,"b",4,6,1
2690,0,"b",4,11,1
134,0,"b",4,10,1
332,0,"b",2,6,1
1798,0,"b",4,4,1
1734,0,"w",3,6,1
1319,0,"w",4,4,1
860,0,"b",4,2,1
3248,1,"b",4,8,1
1267,0,"b",4,7,0
2924,0,"b",2,19,0
3438,0,"b",4,16,1
1977,0,"w",4,4,1
4095,0,"w",4,2,1
4040,0,"b",3,8,1
2877,0,"w",4,6,1
1624,0,"b",2,3,1
4461,0,"b",1,4,1
14,0,"w",4,4,1
4022,0,"b",4,5,1
4289,0,"b",4,5,1
858,0,"b",4,6,1
3250,0,"b",4,7,0
650,0,"w",4,11,1
750,0,"b",3,21,1
2389,0,"w",4,9,1
1498,1,"w",4,3,1
2271,0,"w",4,7,0
113,0,"w",2,23,1
2239,0,"b",3,6,1
618,0,"b",2,13,1
1132,0,"w",4,9,1
2060,0,"w",3,6,1
4436,0,"b",4,15,1
3652,0,"b",3,7,1
299,0,"b",4,8,1
1252,0,"w",4,7,0
620,0,"w",3,11,1
362,0,"w",4,7,0
792,0,"b",4,7,1
3134,0,"w",4,26,0
4829,0,"b",4,6,1
4849,1,"b",4,8,1
190,0,"b",4,8,1
1911,0,"b",4,2,1
4332,0,"b",3,21,1
4373,0,"w",4,11,1
825,0,"w",2,3,1
431,0,"w",4,6,1
4169,1,"b",4,2,1
1755,0,"b",4,21,1
2299,0,"b",4,2,1
2359,0,"w",4,8,0
1958,0,"w",3,9,1
1058,0,"w",3,6,1
3235,0,"w",4,6,1
3571,0,"b",4,6,1
702,0,"w",4,6,1
3828,0,"w",4,7,0
84,0,"b",4,3,1
982,0,"w",4,11,1
2995,0,"w",4,8,1
1948,0,"b",4,19,1
3219,0,"w",4,2,1
4367,0,"b",4,26,0
1741,1,"w",4,5,1
2567,0,"b",4,14,1
1388,0,"b",4,8,1
452,0,"b",4,5,1
2141,0,"w",4,6,1
4562,1,"b",4,4,1
2320,1,"b",4,9,1
1460,0,"b",3,7,1
2440,0,"b",4,8,1
1588,0,"b",2,6,1
1859,0,"w",4,7,1
2413,0,"b",3,9,1
3410,0,"b",4,4,1
4859,0,"b",4,2,1
2618,0,"w",3,26,1
4854,0,"b",3,18,1
2244,0,"b",3,6,1
2788,0,"w",1,4,1
634,0,"b",4,6,1
1955,0,"b",2,13,1
85,0,"b",2,4,0
2867,0,"w",4,11,1
1878,0,"b",3,6,1
3928,0,"w",4,6,1
4321,0,"b",3,4,1
1154,0,"b",4,8,1
1242,0,"w",4,12,1
2210,0,"b",3,2,1
901,0,"w",4,21,1
3851,0,"w",4,10,1
2737,0,"w",3,4,1
501,0,"w",4,11,1
1473,0,"w",4,7,1
1137,0,"w",4,2,1
4082,0,"w",4,4,1
508,0,"b",4,14,1
4190,0,"b",4,8,1
3462,0,"w",4,10,1
1540,0,"w",4,8,1
4133,0,"w",3,14,1
3678,0,"b",4,4,1
4286,1,"b",4,2,1
1704,0,"w",3,26,1
919,0,"w",3,9,1
1451,0,"w",3,6,1
3712,0,"b",4,7,0
1856,0,"w",4,4,0
2092,0,"b",4,11,1
1377,0,"b",4,14,1
4736,1,"b",4,6,1
565,0,"w",4,8,1
2384,1,"w",3,4,1
1330,0,"b",4,11,0
3394,0,"b",3,5,1
744,0,"w",4,4,1
3700,0,"b",4,5,0
4561,0,"b",4,9,1
3065,0,"b",4,9,1
779,0,"b",4,6,1
1140,0,"b",4,8,1
1048,0,"b",4,8,1
3920,0,"w",3,7,1
4804,0,"w",4,7,0
3859,0,"b",4,6,1
2209,0,"w",2,16,1
2713,0,"w",4,8,1
3812,0,"w",4,7,0
4013,0,"b",4,3,1
4500,0,"b",4,4,1
883,0,"b",4,7,0
3002,0,"w",4,2,1
773,0,"w",3,16,1
4288,0,"w",4,3,1
37,0,"b",4,4,1
2418,0,"w",4,6,1
4368,0,"b",4,14,1
1233,0,"w",4,2,1
2478,0,"b",3,4,1
1201,0,"w",3,4,1
725,0,"b",4,8,1
445,0,"b",3,5,1
226,0,"w",3,5,1
955,0,"w",4,6,1
1313,0,"w",3,7,1
4342,0,"b",4,2,1
4747,0,"b",2,3,1
593,1,"w",4,9,1
849,0,"b",4,8,1
3912,0,"b",4,6,0
4328,0,"b",2,1,0
4015,0,"w",4,6,1
937,0,"b",4,5,1
3129,0,"b",4,14,1
4060,0,"w",3,8,1
489,0,"w",3,10,1
1950,0,"b",4,6,1
2416,0,"w",3,4,1
721,0,"w",4,6,1
1829,0,"w",3,4,1
3098,0,"b",4,13,1
3830,0,"b",4,6,1
2084,0,"b",4,8,1
101,0,"b",4,7,1
3008,0,"b",4,6,1
1946,0,"b",4,7,1
1480,0,"w",4,5,1
3236,0,"w",4,8,1
3619,0,"b",4,6,1
1365,0,"b",4,6,1
4385,0,"w",4,7,0
1476,0,"b",4,7,1
546,0,"w",4,8,1
79,0,"b",4,9,1
3623,0,"w",4,6,1
3005,0,"b",4,6,1
1374,0,"b",3,11,1
2752,0,"w",4,9,1
3584,0,"w",4,2,1
2240,0,"b",4,7,1
2231,0,"b",4,9,1
1767,0,"b",4,5,1
3228,0,"b",4,6,1
1125,0,"b",4,5,1
3821,0,"w",4,2,1
1149,0,"w",4,18,1
4440,0,"w",4,6,1
2515,0,"w",4,8,1
1035,0,"w",4,7,0
2176,0,"w",4,6,1
4249,1,"b",4,4,1
2324,0,"w",4,5,1
75,0,"w",3,3,1
4617,0,"w",4,5,1
2930,0,"b",4,7,1
3474,0,"w",4,6,1
3965,0,"w",4,7,0
2839,0,"w",4,8,1
3116,0,"w",4,6,1
3078,0,"b",3,2,0
3583,0,"w",4,6,1
1732,0,"b",3,12,1
3609,0,"w",4,7,0
3131,0,"w",4,7,0
363,0,"w",4,8,1
54,0,"b",4,19,1
3292,0,"b",3,7,1
1421,0,"b",3,13,1
4491,0,"b",4,1,1
568,0,"b",4,2,1
4406,0,"b",4,6,1
9,0,"b",4,3,1
3525,0,"w",4,8,0
1211,0,"w",2,19,1
3186,0,"b",4,6,1
3460,0,"w",4,7,0
4125,0,"w",4,2,1
497,0,"b",4,2,1
4731,0,"b",4,7,1
3055,0,"w",4,8,1
2527,0,"b",4,8,1
4303,0,"w",4,7,1
3683,0,"b",4,25,1
3768,0,"w",3,21,1
2466,0,"w",3,2,1
1264,0,"b",4,2,1
1963,0,"w",4,3,1
4797,0,"b",4,10,1
4752,0,"b",4,7,1
487,0,"w",4,5,1
2003,0,"b",4,7,0
492,0,"b",4,10,1
4732,0,"w",4,15,1
4333,1,"w",4,20,1
2996,0,"w",4,14,1
602,0,"w",4,23,1
1443,1,"w",4,9,1
275,0,"b",4,4,0
2975,0,"b",4,6,1
3268,0,"w",4,11,1
2027,1,"w",4,16,1
2887,0,"b",4,3,1
4341,0,"b",4,7,0
1043,0,"w",2,16,1
1714,0,"b",3,26,1
83,0,"w",4,4,1
322,0,"w",3,16,1
4089,0,"w",4,2,1
4206,0,"b",3,13,1
1848,0,"b",4,6,1
2981,0,"b",4,7,0
392,0,"b",4,14,1
1894,0,"w",4,5,1
2495,0,"b",3,5,1
444,0,"b",2,8,0
1329,0,"w",2,11,0
4264,0,"b",4,6,1
3119,0,"b",4,8,0
687,0,"b",4,15,1
1659,0,"b",4,7,0
3034,0,"b",3,4,1
3595,0,"b",4,8,1
222,0,"w",4,10,1
2743,0,"b",3,13,1
4726,1,"w",4,4,1
3174,0,"w",4,7,0
1124,0,"w",3,5,1
2692,0,"w",3,1,1
2921,0,"b",3,6,1
4036,0,"b",4,6,0
3422,0,"w",3,4,1
2673,0,"w",3,26,1
4266,0,"b",4,4,1
2826,0,"b",3,21,1
132,0,"b",4,9,1
1902,0,"w",4,7,0
4713,0,"b",4,6,0
3336,0,"w",0,2,1
4276,0,"w",4,4,1
1889,0,"b",3,4,1
3237,0,"b",4,18,1
2233,0,"w",4,20,0
146,0,"w",2,4,0
688,0,"w",4,3,1
2680,0,"b",3,5,0
4312,0,"b",4,8,0
791,0,"w",4,9,1
774,0,"b",3,17,1
4295,1,"w",4,15,1
2648,0,"b",4,6,1
4458,0,"b",4,8,1
4126,0,"w",4,7,0
647,0,"b",4,4,1
522,0,"b",4,6,1
3549,0,"w",4,2,1
698,0,"w",4,2,1
2911,0,"b",4,6,0
4034,0,"b",3,5,1
1341,0,"b",4,5,1
3414,0,"w",2,6,1
325,0,"w",4,7,1
3562,0,"b",4,8,1
3426,0,"b",3,4,1
3423,0,"w",4,3,1
898,1,"w",4,5,1
3287,0,"w",4,14,1
4338,0,"w",4,2,1
4642,0,"w",3,5,1
538,0,"b",4,5,1
3222,0,"b",4,6,1
2253,0,"w",4,11,1
3662,0,"b",2,2,0
3033,0,"b",2,16,1
1884,0,"b",4,15,1
4839,0,"w",4,6,1
751,0,"b",4,4,1
1696,1,"b",3,26,1
3274,0,"b",3,4,1
240,0,"b",4,5,1
3434,0,"b",2,3,1
1662,0,"w",4,6,1
1494,0,"b",4,4,1
4668,0,"b",4,6,0
449,0,"w",3,3,1
2044,0,"b",4,10,1
4330,0,"w",4,5,1
3153,0,"b",4,8,1
1071,0,"b",4,4,1
3205,0,"w",4,8,1
4627,0,"w",4,20,0
4739,0,"b",3,6,1
915,0,"w",4,6,1
1234,0,"b",4,3,1
3208,0,"w",4,7,0
2276,0,"b",4,6,1
1393,0,"b",4,7,0
3061,0,"w",4,8,1
2404,0,"w",3,4,1
3881,0,"w",4,26,0
4527,0,"w",4,6,1
3866,0,"b",4,8,0
684,0,"b",3,5,1
624,0,"b",4,6,1
479,1,"b",2,4,1
2249,0,"w",4,6,1
4179,0,"w",4,11,1
3226,0,"b",4,2,1
701,0,"w",4,6,1
2880,0,"b",3,7,1
3087,0,"b",3,4,1
2946,0,"b",4,6,1
1887,0,"w",3,6,1
4867,0,"b",4,6,1
1347,0,"w",4,11,1
2391,0,"w",3,13,1
4832,0,"w",3,4,1
1307,0,"w",3,2,1
1336,0,"w",3,12,1
1814,0,"b",4,6,1
2285,0,"b",4,10,1
3616,0,"w",4,7,0
4228,0,"b",4,5,1
3673,0,"b",2,2,0
4166,0,"b",4,2,1
1855,0,"w",3,6,1
2668,0,"w",3,5,0
671,0,"w",3,2,1
3404,0,"b",4,9,1
2945,0,"w",2,6,1
4684,0,"b",4,6,1
4047,0,"b",3,3,1
793,0,"b",4,15,1
4419,0,"w",4,15,1
3075,0,"w",3,4,1
626,0,"b",4,2,1
1831,0,"w",3,5,1
4239,0,"w",4,4,1
4,0,"b",3,6,1
57,0,"w",4,21,1
2323,0,"b",3,4,1
906,0,"b",4,15,1
484,0,"w",4,4,1
3792,0,"w",4,6,1
1787,0,"w",4,6,1
4489,0,"w",4,3,1
4605,0,"w",4,8,1
3999,0,"w",4,11,1
3307,0,"w",3,13,1
1529,1,"b",4,2,1
1770,0,"w",4,4,1
3479,0,"w",4,8,1
1091,0,"w",3,3,1
2319,1,"w",4,14,1
606,0,"w",3,6,1
4479,0,"w",4,9,1
3552,0,"b",4,8,1
3113,0,"b",4,2,1
891,0,"b",2,9,1
2882,0,"b",4,23,1
1833,0,"w",3,8,1
2383,1,"b",3,2,0
1554,0,"b",4,14,1
1992,0,"w",4,7,0
1021,0,"w",4,8,1
3080,0,"b",4,5,1
1909,0,"b",4,5,1
962,0,"w",4,14,1
353,0,"b",4,8,0
176,0,"w",4,7,0
2677,0,"w",4,8,1
3802,0,"w",4,20,1
3214,0,"b",4,8,1
1072,0,"w",3,3,1
2835,0,"b",4,7,1
2952,0,"w",4,6,1
4613,0,"b",2,19,0
693,0,"w",3,5,1
3475,0,"w",4,16,0
455,0,"b",3,7,1
28,0,"w",3,6,1
4737,1,"w",4,5,1
165,0,"w",4,7,1
2195,1,"w",4,7,1
1328,0,"b",2,10,1
139,0,"b",3,6,1
586,0,"w",2,8,0
515,0,"w",4,7,1
2362,0,"b",4,7,0
2543,0,"w",3,26,1
2225,0,"b",3,4,1
663,0,"w",4,4,1
1508,0,"w",4,6,1
2762,0,"b",4,26,0
4425,0,"w",4,4,1
118,0,"b",3,5,1
2258,0,"w",4,7,1
4541,0,"w",3,3,0
558,0,"w",1,10,0
328,0,"w",4,5,0
4042,0,"w",3,3,1
3884,0,"b",4,6,1
486,0,"b",4,5,1
1390,0,"w",4,7,0
4071,1,"w",4,6,0
2638,0,"b",4,6,1
1505,0,"b",4,9,1
2491,1,"w",4,6,1
1546,0,"b",4,9,1
2103,0,"b",2,16,1
3330,0,"w",4,5,0
391,0,"w",3,2,1
2741,0,"w",4,5,1
2935,0,"b",4,12,1
2534,0,"b",4,7,0
543,0,"w",4,6,1
3501,0,"w",4,8,1
63,0,"w",0,5,1
4381,0,"w",4,2,1
104,0,"w",4,4,0
1462,0,"w",3,16,1
1278,0,"b",4,5,1
1795,0,"w",4,6,0
2993,0,"b",4,6,1
1908,0,"b",4,6,1
47,0,"w",0,4,1
4389,0,"w",4,8,1
4853,0,"w",3,13,1
2356,0,"b",4,26,0
3273,0,"w",4,4,1
3348,0,"b",4,5,0
3970,0,"b",4,5,0
50,0,"b",4,5,1
2056,0,"b",3,3,1
315,0,"w",3,5,1
1231,0,"w",4,7,1
3239,0,"b",4,7,0
956,0,"b",4,4,1
71,0,"w",4,5,0
3094,0,"b",4,11,1
1552,0,"b",3,7,1
601,1,"w",4,13,0
1062,0,"w",4,10,1
900,0,"w",4,13,1
1677,0,"w",4,6,1
4427,0,"w",2,6,0
1952,1,"b",4,8,1
20,0,"b",2,8,0
4390,0,"b",4,18,1
2042,0,"w",4,2,1
1674,0,"b",4,7,0
4444,0,"b",3,9,1
46,0,"b",3,7,1
3328,0,"w",4,5,1
4722,0,"w",4,3,1
2142,0,"w",4,6,1
3126,0,"b",4,20,0
2841,0,"w",4,4,0
4167,0,"w",4,8,1
2683,0,"b",3,16,1
4715,0,"w",3,4,1
342,0,"b",2,6,1
1316,0,"b",4,6,1
420,0,"b",3,7,1
324,0,"w",4,6,1
567,0,"w",4,7,0
3603,0,"w",4,6,1
3012,0,"w",4,7,0
1811,0,"b",4,5,0
82,0,"w",4,4,1
1697,1,"w",3,13,1
216,0,"w",4,3,1
4226,0,"b",4,5,1
310,0,"b",3,21,1
3244,0,"b",4,7,0
1277,0,"w",4,7,0
3251,0,"b",4,2,1
1558,0,"w",3,2,0
1786,0,"w",3,8,1
4555,0,"w",4,5,1
853,0,"w",4,6,1
3958,0,"w",3,9,1
3173,1,"w",4,8,0
4163,0,"w",4,8,1
3919,0,"w",2,6,1
1510,0,"b",4,5,1
728,0,"b",4,14,1
199,0,"b",4,8,1
359,0,"w",4,8,1
2256,1,"b",4,2,1
2684,0,"w",4,7,0
2397,0,"w",4,7,1
2857,0,"b",4,5,0
1703,0,"b",4,11,1
2514,0,"w",4,8,1
3953,0,"w",4,14,1
2120,0,"b",3,9,1
1135,0,"b",4,6,1
1008,0,"w",4,6,1
4629,0,"b",4,8,0
102,0,"w",4,7,1
2908,0,"b",4,6,0
3199,0,"w",4,8,1
3569,0,"b",4,2,1
3670,0,"b",4,7,1
2028,0,"b",4,15,1
3100,0,"w",4,6,1
3968,0,"b",4,8,1
3710,0,"b",0,4,1
1544,0,"b",4,8,1
4335,1,"w",3,10,1
4092,0,"w",4,6,1
958,0,"b",4,6,1
544,0,"w",3,9,1
1314,0,"w",4,8,1
3806,0,"b",4,9,1
3769,0,"b",4,9,1
2471,0,"w",3,4,1
2180,0,"w",4,8,1
1479,0,"b",3,6,1
1574,1,"w",4,5,1
3656,0,"w",4,7,1
1844,0,"w",4,6,0
864,0,"b",4,9,1
2771,0,"w",4,6,1
1606,0,"b",3,3,1
3500,0,"w",4,7,0
957,0,"w",4,11,1
503,0,"b",4,11,1
1597,0,"w",4,20,1
2441,0,"w",4,8,0
1213,1,"b",4,19,1
4856,0,"w",4,7,0
3182,0,"b",4,8,1
3297,0,"w",3,9,1
403,0,"w",3,13,1
3347,0,"b",4,6,1
4470,0,"b",4,5,1
1379,0,"w",4,13,1
1636,0,"b",4,6,1
3831,0,"b",4,6,1
1578,0,"b",3,4,1
2162,0,"b",4,2,1
2538,0,"b",3,4,1
574,0,"b",4,26,0
3975,0,"b",4,7,1
562,0,"b",4,7,0
1364,0,"w",4,6,1
1312,1,"w",4,6,1
2037,0,"w",4,11,1
2252,0,"b",4,10,1
719,0,"w",4,8,1
3837,0,"b",4,26,0
932,0,"w",4,8,1
2245,0,"b",4,4,1
2688,0,"w",4,9,1
2263,0,"w",4,6,1
4454,0,"b",4,5,0
1685,0,"b",2,19,0
2078,0,"w",4,7,0
2313,0,"b",3,13,1
2462,0,"b",4,6,1
727,0,"w",4,9,1
4285,0,"b",4,5,1
417,0,"b",4,8,1
4282,0,"b",3,5,1
2647,0,"b",4,8,1
52,0,"w",4,6,1
1595,0,"b",3,9,1
1666,0,"b",4,8,0
2118,0,"w",4,8,1
3502,0,"b",4,7,0
3669,0,"w",4,2,0
667,0,"w",4,6,1
4825,0,"w",4,11,1
4214,0,"b",4,15,1
3882,0,"w",4,18,1
3543,0,"b",4,7,0
2355,0,"b",4,7,0
1243,0,"b",2,5,1
1929,0,"b",4,8,1
3672,0,"w",4,5,1
4449,0,"b",3,6,1
2246,0,"w",3,7,1
3787,0,"w",4,11,1
3086,0,"b",3,13,1
3788,0,"b",3,11,1
1782,0,"w",4,5,0
1968,0,"w",3,5,1
2682,1,"w",4,14,1
4063,0,"b",2,6,0
53,0,"w",4,13,1
2047,0,"w",4,6,1
1205,0,"w",3,7,1
4457,0,"w",3,8,1
4018,0,"b",4,6,1
821,1,"w",3,16,1
1180,0,"b",4,4,1
1961,1,"b",4,3,1
4361,0,"w",3,4,1
4603,0,"w",4,14,1
4746,0,"w",4,6,1
3411,0,"w",4,3,1
1579,0,"b",4,8,1
3102,0,"b",4,6,1
3646,1,"b",4,11,1
4522,0,"w",4,12,1
3443,0,"w",4,14,1
4217,0,"b",3,7,1
2751,1,"b",3,2,1
278,0,"w",0,4,1
1822,0,"w",0,5,1
124,0,"w",4,8,1
3372,0,"b",4,5,1
3417,0,"b",3,6,1
3023,0,"w",3,7,1
3761,0,"w",4,4,1
339,0,"b",3,4,1
3631,1,"w",4,4,1
1765,0,"b",4,5,1
2173,0,"b",4,7,0
3027,0,"w",4,9,1
2758,0,"b",4,10,1
704,0,"w",2,8,0
1879,0,"b",3,5,1
929,0,"b",4,5,1
870,0,"b",4,9,1
2336,0,"b",4,4,1
3781,0,"w",3,3,1
3934,0,"b",4,5,0
1303,0,"b",2,19,0
2604,0,"b",3,13,1
3146,0,"b",4,14,1
1644,0,"w",4,5,1
3779,0,"b",4,7,1
3234,0,"b",4,10,1
2314,0,"w",4,13,1
1011,0,"b",4,14,1
699,0,"w",4,8,1
1826,0,"b",1,4,1
3484,0,"w",4,8,1
665,0,"w",4,3,1
4495,0,"b",4,4,1
1129,0,"b",4,5,1
4028,0,"b",3,5,1
39,0,"b",3,4,1
884,0,"b",4,7,1
312,0,"w",4,5,1
1724,0,"b",4,4,1
2695,1,"w",4,6,1
4392,0,"b",4,26,0
1514,0,"w",4,14,1
2111,1,"w",4,10,1
1664,0,"b",4,7,0
105,0,"w",4,4,1
2859,0,"b",2,5,0
3440,0,"w",3,8,1
2702,0,"b",4,6,1
2938,0,"w",4,13,1
2449,0,"b",4,18,1
2343,0,"w",4,2,1
1073,0,"w",2,4,1
2626,0,"w",4,9,1
2232,0,"w",3,7,1
3013,0,"w",4,18,1
2241,0,"b",2,5,1
3517,0,"b",4,8,1
2177,0,"w",4,6,1
1447,1,"w",4,20,0
2074,0,"w",4,2,1
3922,0,"b",2,6,1
4000,0,"b",4,6,1
1181,0,"w",4,2,1
2438,0,"w",4,2,1
2079,0,"w",4,18,1
4611,0,"w",3,5,0
990,0,"w",4,15,1
4234,0,"b",3,6,1
433,0,"w",3,13,1
3938,0,"b",3,12,1
4070,0,"b",3,5,1
578,1,"w",4,7,0
672,0,"b",4,19,1
2722,0,"b",4,6,1
985,0,"w",3,6,1
297,0,"w",4,7,1
4519,0,"b",3,16,1
2589,0,"w",4,6,1
2445,0,"w",4,14,1
529,0,"b",3,1,1
4270,0,"b",4,6,1
528,0,"w",4,5,1
1947,0,"w",4,13,1
1892,0,"b",4,6,1
1665,0,"b",4,2,1
3577,0,"b",4,6,1
1749,0,"w",2,10,1
1442,0,"b",4,7,0
1138,0,"w",4,2,1
2903,0,"w",4,4,0
2004,0,"b",4,2,1
2809,0,"b",3,13,1
1207,0,"b",4,8,1
1888,1,"w",3,3,0
1343,0,"w",2,3,1
2485,0,"b",3,7,1
3361,0,"b",4,5,1
1768,0,"b",0,5,1
822,0,"w",2,3,1
1402,0,"w",4,7,0
1045,0,"w",3,4,1
1919,0,"w",4,7,1
2403,0,"w",2,19,0
1600,0,"b",3,21,1
35,0,"w",2,4,0
1620,0,"b",4,7,1
2943,0,"b",4,11,0
2472,0,"b",4,5,1
2400,0,"b",3,16,1
3179,1,"b",4,18,1
2704,0,"b",4,6,1
2099,1,"b",3,4,1
3450,0,"w",4,7,0
4796,0,"b",4,8,1
1965,0,"w",4,4,1
298,0,"w",4,7,1
1317,0,"w",4,4,1
4409,1,"b",4,8,1
3224,0,"w",4,8,1
3826,0,"b",4,7,0
512,0,"b",4,3,1
4181,0,"w",3,10,1
2649,0,"b",4,6,1
3713,0,"w",3,26,1
4404,1,"b",4,18,1
3211,0,"w",4,2,1
3933,0,"w",4,5,1
2422,0,"w",4,4,1
3110,0,"b",4,7,0
300,0,"b",4,7,1
3918,1,"w",4,5,1
3335,0,"b",4,5,1
2460,0,"w",4,6,1
4667,0,"b",3,22,1
1040,0,"w",3,7,1
136,0,"w",2,6,1
432,0,"b",4,7,0
333,0,"w",3,5,1
302,0,"w",3,3,1
1148,0,"b",4,8,1
115,0,"w",3,4,1
3680,0,"b",0,5,1
415,0,"w",4,8,0
4307,0,"b",4,15,1
2547,0,"w",3,4,1
3040,0,"w",4,13,1
81,0,"b",4,5,1
2339,0,"b",4,6,1
1583,1,"w",2,8,0
4397,0,"b",4,9,1
4792,0,"w",2,5,0
2272,0,"w",4,2,1
178,0,"w",4,26,0
1816,1,"b",4,7,1
805,0,"b",4,10,1
2172,0,"b",4,18,1
1449,0,"b",4,6,1
3936,0,"b",4,5,0
1647,0,"b",2,3,1
2308,0,"w",3,13,1
1635,0,"w",3,4,1
1723,0,"w",4,3,1
897,0,"b",4,6,1
2337,0,"b",4,14,1
4744,0,"b",4,3,1
1871,0,"w",4,11,1
4696,0,"b",4,6,1
1931,0,"w",3,13,1
4388,0,"b",4,8,1
1342,0,"b",3,6,1
3523,0,"w",4,10,1
1485,0,"w",3,9,1
3035,0,"w",4,11,1
892,0,"w",4,6,1
2335,0,"w",3,9,1
1295,0,"w",3,13,1
3838,0,"w",4,26,0
1115,0,"w",4,6,1
2353,0,"b",4,8,1
323,0,"b",3,6,1
2009,1,"w",3,13,1
2769,0,"w",0,4,1
823,0,"b",3,6,1
369,0,"b",4,6,1
4407,0,"w",4,7,1
820,0,"b",3,16,1
605,0,"b",3,6,1
3809,0,"w",4,7,0
3229,0,"w",4,7,0
1979,0,"w",4,5,1
1226,0,"b",3,8,1
1679,0,"w",4,6,1
4142,0,"w",4,11,1
3044,0,"w",4,11,1
1808,0,"b",2,6,0
4074,1,"b",3,11,1
942,0,"w",4,5,1
3076,0,"w",4,11,1
4743,0,"w",4,5,1
4766,0,"b",4,8,1
4653,0,"w",4,4,1
1173,0,"b",3,5,0
3873,0,"b",4,2,1
531,0,"w",3,6,1
2215,0,"b",2,19,0
3482,0,"w",4,6,1
3188,0,"w",4,8,1
3109,0,"w",4,2,1
4599,0,"b",4,8,1
2833,0,"b",4,5,0
3739,0,"w",4,10,1
4346,0,"b",4,7,0
3418,0,"w",3,5,1
4225,0,"w",4,4,1
1825,0,"w",2,4,0
1305,0,"b",2,16,1
2465,0,"w",3,26,1
2451,0,"w",4,6,1
1467,0,"b",4,6,1
2014,1,"w",3,16,1
3677,0,"w",3,4,1
4099,0,"w",4,8,1
4322,0,"b",4,11,1
2038,0,"b",3,17,1
3876,0,"b",4,26,0
1738,1,"w",4,11,1
3524,0,"b",4,8,0
4628,0,"b",4,5,1
3903,0,"w",4,8,1
4250,0,"b",2,5,0
651,0,"b",4,6,1
3152,0,"b",4,6,1
1168,0,"b",3,4,1
2388,0,"w",4,11,1
971,0,"b",4,3,1
2002,0,"w",4,8,1
1033,0,"b",4,2,1
126,0,"b",4,9,1
1212,1,"w",3,19,1
3522,0,"w",4,6,1
1169,0,"w",3,16,1
3990,0,"b",3,6,1
4456,0,"w",3,21,1
729,0,"w",3,7,1
4281,0,"b",3,2,1
141,0,"w",2,6,1
3820,0,"w",4,8,1
454,0,"w",3,7,1
1363,0,"w",4,14,1
3862,0,"b",4,8,1
4257,0,"w",4,6,1
1430,0,"b",4,9,1
632,0,"b",4,7,1
1294,0,"w",4,5,1
3478,0,"w",4,18,1
790,0,"b",4,5,1
4365,0,"w",4,8,1
2813,0,"w",4,22,1
556,0,"b",4,7,0
423,0,"w",4,7,0
2976,0,"b",4,26,0
933,0,"w",4,25,1
4229,0,"w",4,4,1
2487,0,"w",3,13,1
4820,0,"w",4,6,1
2424,0,"w",4,6,0
1776,0,"b",3,18,1
2429,0,"w",4,5,1
387,0,"w",4,8,0
3363,0,"w",4,9,1
840,0,"b",4,8,1
1204,0,"w",2,6,1
1655,0,"w",4,2,1
3263,0,"w",4,8,1
3704,0,"w",4,3,1
236,0,"b",3,5,1
99,0,"b",4,3,1
3448,0,"w",4,26,0
1790,0,"w",4,4,1
162,0,"b",4,5,1
62,0,"w",3,5,1
1370,0,"b",4,4,1
88,0,"b",4,3,1
1967,0,"b",3,6,1
2181,0,"w",4,7,0
3550,0,"b",4,7,0
1156,0,"w",4,7,0
4305,0,"b",4,11,1
2025,0,"b",4,15,1
